Season,PenguinID,Diveduration(s),Divedepth(m),Nokrillcaptured,R
2010/11,52_28a,67,9,1,1.493
2010/11,52_28a,118,21.6,7,5.935
2010/11,52_28a,112,15.4,8,7.146
2010/11,52_28a,100,12.79,3,3.001
2010/11,52_28a,111,19.3,6,5.408
2010/11,52_28a,118,20.89,2,1.696
2010/11,52_28a,89,21.89,1,1.124
2010/11,52_28a,74,28.8,1,1.352
2010/11,52_28a,90,31,3,3.335
2010/11,52_28a,67,15.19,1,1.493
2010/11,52_28a,120,26.19,7,5.836
2010/11,52_28a,122,14.8,2,1.64
2010/11,52_28a,58,30.79,1,1.725
2010/11,52_28a,94,41.3,2,2.128
2010/11,52_28a,85,40.79,2,2.354
2010/11,52_28a,102,22.2,4,3.923
2010/11,52_28a,48,24.9,1,2.084
2010/11,52_28a,98,35.3,4,4.083
2010/11,52_28a,82,13.8,1,1.22
2010/11,52_28a,117,49.79,3,2.565
2010/11,52_28a,123,44.99,4,3.253
2010/11,52_28a,112,59.39,8,7.146
2010/11,52_28a,100,59.99,3,3.001
2010/11,52_28a,117,61,6,5.13
2010/11,52_28a,121,63.19,8,6.614
2010/11,52_28a,113,58.2,8,7.082
2010/11,52_28a,108,60.39,12,11.116
2010/11,52_28a,132,65,14,10.61
2010/11,52_28a,119,65.9,7,5.885
2010/11,52_28a,123,64.29,6,4.88
2010/11,52_28a,121,64.99,8,6.614
2010/11,52_28a,132,70.7,12,9.095
2010/11,52_28a,101,58.49,8,7.924
2010/11,52_28a,109,64.2,9,8.26
2010/11,52_28a,126,64.59,10,7.94
2010/11,52_28a,39,39.2,4,10.26
2010/11,52_28a,113,54.29,5,4.427
2010/11,52_28a,120,60.59,9,7.503
2010/11,52_28a,111,58.39,12,10.815
2010/11,52_28a,112,59.3,9,8.039
2010/11,52_28a,105,61.4,5,4.764
2010/11,52_28a,107,58,13,12.154
2010/11,52_28a,125,58.79,12,9.604
2010/11,52_28a,110,58.99,3,2.728
2010/11,52_28a,110,49.69,10,9.095
2010/11,52_28a,98,51.59,4,4.083
2010/11,52_28a,100,55.1,5,5.002
2010/11,52_28a,101,55.09,7,6.933
2010/11,52_28a,93,56.79,7,7.53
2010/11,52_28a,105,63.4,6,5.717
2010/11,52_28a,110,55.4,6,5.457
2010/11,52_28a,93,55.69,10,10.757
2010/11,52_30a,97,14.1,2,2.062
2010/11,52_30a,76,15.7,2,2.632
2010/11,52_30a,76,12.1,1,1.316
2010/11,52_30a,173,71.1,4,2.312
2010/11,52_30a,186,64.3,1,0.538
2010/11,52_30a,163,71.9,3,1.841
2010/11,52_30a,171,73.4,7,4.094
2010/11,52_30a,172,72.4,4,2.326
2010/11,52_30a,189,73.1,1,0.529
2010/11,52_30a,187,80.5,7,3.743
2010/11,52_30a,162,72.9,9,5.556
2010/11,52_30a,173,74.5,6,3.468
2010/11,52_30a,180,72.2,4,2.222
2010/11,52_30a,158,76.2,4,2.532
2010/11,52_30a,181,78.3,6,3.315
2010/11,52_30a,174,75.5,1,0.575
2010/11,52_30a,122,32.2,1,0.82
2010/11,52_30a,164,71,10,6.098
2010/11,52_30a,172,72,5,2.907
2010/11,52_30a,164,72.1,6,3.659
2010/11,52_30a,170,71.7,6,3.529
2010/11,52_30a,161,72.4,3,1.863
2010/11,52_30a,162,73.5,12,7.408
2010/11,52_30a,175,72.9,8,4.571
2010/11,52_30a,158,71.5,3,1.899
2010/11,52_30a,154,74.1,5,3.247
2010/11,52_30a,158,75.9,3,1.899
2010/11,52_30a,174,78.4,8,4.598
2010/11,52_30a,159,75.7,4,2.516
2010/11,52_30a,176,74.5,9,5.114
2010/11,52_30a,177,67.9,2,1.13
2010/11,52_30a,134,47,1,0.746
2010/11,52_30a,190,66.4,7,3.684
2010/11,52_30a,172,74.1,6,3.488
2010/11,52_30a,184,75.3,12,6.522
2010/11,52_30a,160,76.5,10,6.25
2010/11,52_30a,176,77.6,5,2.841
2010/11,52_30a,180,80.4,6,3.333
2010/11,52_30a,190,76.9,4,2.105
2010/11,52_30a,165,74.8,8,4.849
2010/11,52_30a,193,76.2,6,3.109
2010/11,52_30a,182,75.9,10,5.495
2010/11,52_30a,167,72.1,4,2.395
2010/11,52_30a,186,74.6,10,5.376
2010/11,52_30a,166,74,6,3.615
2010/11,52_30a,185,74.8,9,4.865
2010/11,52_30a,182,82.4,11,6.044
2010/11,52_30a,185,75.8,11,5.946
2010/11,52_30a,185,77.1,9,4.865
2010/11,52_30a,182,80.9,8,4.396
2010/11,52_30a,183,76.7,7,3.825
2010/11,52_30a,175,77.2,12,6.857
2010/11,52_30a,181,72.6,10,5.525
2010/11,52_30a,165,67.9,4,2.424
2010/11,52_30a,172,75.4,11,6.395
2010/11,52_30a,171,70.5,10,5.848
2010/11,52_30a,174,63.7,6,3.448
2010/11,52_30a,164,72.8,12,7.317
2010/11,52_30a,182,76.9,10,5.495
2010/11,52_30a,154,71.9,6,3.896
2010/11,52_30a,173,70.4,9,5.202
2010/11,52_30a,174,72.2,8,4.598
2010/11,52_30a,168,79.1,7,4.167
2010/11,52_30a,182,72.3,6,3.297
2010/11,52_30a,175,79.8,7,4
2010/11,52_30a,169,70.7,4,2.367
2010/11,52_30a,173,69.1,9,5.202
2010/11,52_30a,175,75,8,4.571
2010/11,52_30a,197,74.8,9,4.569
2010/11,52_30a,212,80.1,12,5.66
2010/11,52_30a,157,64.7,7,4.459
2010/11,52_30a,174,71.9,7,4.023
2010/11,52_30a,200,76.4,20,10
2010/11,52_30a,186,80,7,3.763
2010/11,52_30a,154,69.6,7,4.546
2010/11,52_30a,187,78.7,10,5.348
2010/11,52_30a,161,74.4,6,3.727
2010/11,52_30a,173,70,11,6.358
2010/11,52_30a,140,71.4,17,12.143
2010/11,52_30a,170,76.6,7,4.118
2010/11,52_30a,184,73.5,13,7.065
2010/11,52_30a,160,72.8,6,3.75
2010/11,52_30a,150,74.9,9,6
2010/11,52_30a,168,75.8,10,5.952
2010/11,52_30a,136,40.6,3,2.206
2010/11,52_30a,182,54.3,5,2.747
2010/11,52_30a,164,64.1,17,10.366
2010/11,52_30a,149,63.2,8,5.369
2010/11,52_30a,159,65.6,9,5.66
2010/11,52_30a,176,69.3,22,12.5
2010/11,52_30a,201,77.3,21,10.448
2010/11,52_30a,200,71.7,20,10
2010/11,52_30a,169,72.3,16,9.468
2010/11,52_30a,170,73.5,19,11.177
2010/11,52_30a,163,77.1,17,10.43
2010/11,52_30a,159,69.5,11,6.918
2010/11,52_30a,163,74.2,8,4.908
2010/11,52_30a,167,71.9,11,6.587
2010/11,52_30a,167,74.3,18,10.779
2010/11,52_30a,149,71.9,10,6.712
2010/11,52_30a,161,71.7,10,6.211
2010/11,52_30a,174,71.2,17,9.77
2010/11,52_30a,146,69.8,11,7.534
2010/11,52_30a,152,68.8,9,5.921
2010/11,52_30a,142,71.2,6,4.225
2010/11,52_30a,150,68,12,8
2010/11,52_30a,172,69.6,10,5.814
2010/11,52_30a,152,57.7,27,17.763
2010/11,52_30a,148,67.1,7,4.73
2010/11,52_30a,160,71.6,11,6.875
2010/11,52_30a,150,66.3,15,10
2010/11,52_30a,141,69.2,5,3.546
2010/11,52_30a,143,71.4,6,4.196
2010/11,52_30a,157,71.4,9,5.733
2010/11,52_30a,156,71.2,12,7.692
2010/11,52_30a,154,72.7,12,7.792
2010/11,52_30a,150,67.4,8,5.333
2010/11,52_31a,111,34.3,1,0.901
2010/11,52_31a,129,37.1,2,1.55
2010/11,52_31a,116,47.2,2,1.724
2010/11,52_31a,137,40.9,10,7.3
2010/11,52_31a,133,32.5,16,12.031
2010/11,52_31a,115,43.5,3,2.609
2010/11,52_31a,124,36.6,1,0.806
2010/11,52_31a,111,30.6,1,0.901
2010/11,52_31a,128,39.3,14,10.938
2010/11,52_31a,113,41.6,8,7.08
2010/11,52_31a,125,39.3,8,6.4
2010/11,52_31a,134,49.6,6,4.478
2010/11,52_31a,125,45.3,18,14.401
2010/11,52_31a,130,51.3,4,3.077
2010/11,52_31a,118,39.5,6,5.085
2010/11,52_31a,115,37.8,1,0.87
2010/11,52_35a,50,11.7,5,10
2010/11,52_35a,60,14.8,6,10
2010/11,52_35a,80,15.8,8,10
2010/11,52_35a,40,11.3,6,15
2010/11,52_35a,73,15.1,8,10.959
2010/11,52_35a,71,14.5,4,5.634
2010/11,52_35a,65,17.4,14,21.539
2010/11,52_35a,65,16,15,23.077
2010/11,52_35a,67,14.8,9,13.433
2010/11,52_35a,99,11.7,1,1.01
2010/11,52_35a,116,13.9,1,0.862
2010/11,52_35a,108,20.7,2,1.852
2010/11,52_35a,128,29,4,3.125
2010/11,52_35a,95,12.4,2,2.105
2010/11,52_35a,111,20.4,3,2.703
2010/11,52_35a,99,14.1,5,5.051
2010/11,52_35a,112,15.4,4,3.571
2010/11,52_35a,111,14.6,4,3.604
2010/11,52_35a,116,16.8,2,1.724
2010/11,52_35a,131,30.7,5,3.817
2010/11,52_35a,114,19.4,3,2.632
2010/11,52_35a,114,24.9,4,3.509
2010/11,52_35a,92,13,6,6.522
2010/11,52_35a,124,16.4,5,4.032
2010/11,52_35a,121,22.7,8,6.612
2010/11,52_35a,90,14.5,1,1.111
2010/11,52_35a,82,14.2,1,1.22
2010/11,52_35a,110,17.8,2,1.818
2010/11,52_35a,82,18.1,1,1.22
2010/11,52_35a,127,16.3,3,2.362
2010/11,52_35a,92,29.1,1,1.087
2010/11,52_35a,93,21,1,1.075
2010/11,52_35a,76,20.2,2,2.632
2010/11,52_35a,32,11.6,1,3.125
2010/11,52_35a,64,17.2,2,3.125
2010/11,52_35a,66,16.5,4,6.061
2010/11,52_35a,63,17.4,3,4.762
2010/11,52_35a,81,17.5,5,6.173
2010/11,52_35a,63,19.5,3,4.762
2010/11,52_35a,73,20.3,14,19.178
2010/11,52_35a,71,32.4,1,1.408
2010/11,52_35a,85,31.8,9,10.588
2010/11,52_35a,71,24.5,5,7.042
2010/11,52_35a,90,31.7,25,27.778
2010/11,52_35a,78,26.4,4,5.128
2010/11,52_35a,82,33.5,7,8.537
2010/11,52_35a,68,25.8,1,1.471
2010/11,52_35a,71,26.4,8,11.268
2010/11,52_35a,83,29.7,11,13.253
2010/11,52_35a,54,25.7,2,3.704
2010/11,52_35a,77,33.7,6,7.792
2010/11,52_35a,77,30.7,7,9.091
2010/11,52_35a,92,20.7,8,8.696
2010/11,52_35a,81,28.6,5,6.173
2010/11,52_35a,75,26.4,8,10.667
2010/11,52_35a,76,22.3,6,7.895
2010/11,52_35a,83,26.9,7,8.434
2010/11,52_35a,73,28,5,6.849
2010/11,52_35a,79,15.7,16,20.253
2010/11,52_35a,68,21.2,6,8.824
2010/11,52_35a,79,27.2,8,10.127
2010/11,52_35a,86,36.6,13,15.116
2010/11,52_35a,71,23.5,13,18.31
2010/11,52_35a,77,23.2,20,25.974
2010/11,52_35a,64,15.4,9,14.063
2010/11,52_35a,73,20.7,10,13.699
2010/11,52_35a,78,23.1,10,12.821
2010/11,52_35a,69,10.2,11,15.942
2010/11,52_35a,63,11.1,12,19.048
2010/11,52_35a,62,10.9,12,19.355
2010/11,52_35a,70,11.9,8,11.429
2010/11,52_35a,36,15.7,1,2.778
2010/11,52_35a,60,10.9,9,15
2010/11,52_35a,80,18.4,23,28.75
2010/11,52_35a,69,14.4,7,10.145
2010/11,52_35a,79,19.1,10,12.658
2010/11,52_35a,54,12.3,3,5.556
2010/11,52_35a,71,21.4,4,5.634
2010/11,52_35a,66,15.2,9,13.636
2010/11,52_35a,77,20.4,12,15.584
2010/11,52_35a,71,17.5,14,19.718
2010/11,52_35a,66,18.5,14,21.212
2010/11,52_35a,75,15.8,20,26.667
2010/11,52_35a,67,18.8,7,10.448
2010/11,52_35a,72,13,7,9.722
2010/11,52_35a,66,14.6,5,7.576
2010/11,52_35a,63,16.7,10,15.873
2010/11,52_40a,126,18.7,1,0.794
2010/11,52_40a,112,22.9,11,9.821
2010/11,52_40a,169,35.2,4,2.367
2010/11,52_40a,128,27.3,2,1.563
2010/11,52_40a,161,23.6,4,2.484
2010/11,52_40a,144,25.5,1,0.694
2010/11,52_40a,151,22.4,1,0.662
2010/11,52_40a,138,17,3,2.174
2010/11,52_40a,156,25.3,1,0.641
2010/11,52_40a,177,33.7,7,3.955
2010/11,52_40a,154,27.6,2,1.299
2010/11,52_40a,179,29.2,1,0.559
2010/11,52_40a,129,25,2,1.55
2010/11,52_40a,164,31.4,1,0.61
2010/11,52_40a,164,23.2,1,0.61
2010/11,52_40a,167,30.3,1,0.599
2010/11,52_40a,156,20.1,2,1.282
2010/11,52_40a,179,20.4,3,1.676
2010/11,52_40a,155,15.3,3,1.935
2010/11,52_49a,111,27.1,2,1.802
2010/11,52_49a,86,41.9,11,12.791
2010/11,52_49a,94,36.1,6,6.383
2010/11,52_49a,87,44.2,1,1.149
2010/11,52_49a,80,44,2,2.5
2010/11,52_49a,79,40.7,2,2.532
2010/11,52_49a,85,38.9,2,2.353
2010/11,52_49a,90,48.9,15,16.667
2010/11,52_49a,79,42.3,4,5.063
2010/11,52_49a,90,47.5,6,6.667
2010/11,52_49a,91,37.4,15,16.484
2010/11,52_49a,70,40.2,3,4.286
2010/11,52_49a,84,34.9,1,1.19
2010/11,52_49a,85,46,2,2.353
2010/11,52_49a,102,49.1,8,7.843
2010/11,52_49a,75,44.1,3,4
2010/11,52_49a,80,28,1,1.25
2010/11,52_49a,76,37.6,4,5.263
2010/11,52_49a,89,35.2,6,6.742
2010/11,52_49a,64,31.7,4,6.25
2010/11,52_49a,78,36.1,6,7.692
2010/11,52_49a,74,31.2,3,4.054
2010/11,52_49a,81,31.9,8,9.877
2010/11,52_49a,71,39.4,5,7.042
2010/11,52_51a,140,17.2,3,2.143
2010/11,52_51a,93,16.3,7,7.527
2010/11,52_51a,125,14.3,12,9.6
2010/11,52_51a,94,13.7,5,5.319
2010/11,52_51a,106,12.6,6,5.66
2010/11,52_51a,114,17.4,3,2.632
2010/11,52_51a,136,18.7,17,12.5
2010/11,52_51a,115,19.7,10,8.696
2010/11,52_51a,87,18.5,5,5.747
2010/11,52_51a,137,19.8,8,5.839
2010/11,52_51a,129,19.1,5,3.876
2010/11,52_51a,139,18.1,10,7.194
2010/11,52_51a,124,18.1,11,8.871
2010/11,52_51a,136,17.8,14,10.294
2010/11,52_51a,131,19.3,10,7.634
2010/11,52_51a,118,18.7,9,7.627
2010/11,52_51a,135,21.8,11,8.148
2010/11,52_51a,120,17.5,9,7.5
2010/11,52_51a,137,18,16,11.679
2010/11,52_51a,122,17.6,11,9.016
2010/11,52_51a,121,19.4,23,19.008
2010/11,52_51a,118,18.3,18,15.254
2010/11,52_51a,129,16.4,20,15.504
2010/11,52_51a,109,18,17,15.596
2010/11,52_51a,92,15.2,10,10.87
2010/11,52_51a,104,16.5,22,21.154
2010/11,52_51a,100,12.7,10,10
2010/11,52_51a,98,13.9,11,11.225
2010/11,52_51a,106,13.4,9,8.491
2010/11,52_51a,107,14.1,21,19.626
2010/11,52_51a,94,14.5,10,10.638
2010/11,52_51a,94,12.2,6,6.383
2010/11,52_51a,60,12.2,3,5
2010/11,52_51a,119,17.3,5,4.202
2010/11,52_51a,118,18.4,6,5.085
2010/11,52_51a,120,15.2,14,11.667
2010/11,52_51a,120,15.7,9,7.5
2010/11,52_51a,76,13.7,2,2.632
2010/11,52_51a,83,8.4,9,10.843
2010/11,52_51a,101,11.6,23,22.772
2010/11,52_51a,82,13.7,13,15.854
2010/11,52_51a,79,13.7,11,13.924
2010/11,52_51a,89,12.6,17,19.101
2010/11,52_51a,88,13.5,17,19.318
2010/11,52_51a,69,12.6,20,28.986
2010/11,52_51a,76,11.6,18,23.684
2010/11,52_51a,64,11.6,6,9.375
2010/11,52_51a,79,12.5,28,35.443
2010/11,52_51a,81,12.5,17,20.988
2010/11,52_51a,72,22.3,19,26.389
2010/11,52_51a,76,22,16,21.053
2010/11,52_51a,75,19.8,4,5.333
2010/11,52_51a,96,19.1,13,13.542
2010/11,52_51a,86,21,7,8.14
2010/11,52_51a,65,13.7,8,12.308
2010/11,52_51a,76,11.6,19,25
2010/11,52_51a,74,11.4,1,1.351
2010/11,52_51a,77,14.4,2,2.597
2010/11,52_51a,82,16.9,18,21.951
2010/11,52_51a,87,16,15,17.241
2010/11,52_51a,85,14.4,8,9.412
2010/11,52_51a,85,14.4,9,10.588
2010/11,52_51a,90,16.9,10,11.111
2010/11,52_51a,95,16.8,3,3.158
2010/11,52_51a,83,14.1,6,7.229
2010/11,52_51a,78,16.2,21,26.923
2010/11,52_51a,82,17.7,15,18.293
2010/11,52_51a,81,14,6,7.407
2010/11,52_51a,77,15.6,7,9.091
2010/11,52_51a,78,16.8,18,23.077
2010/11,52_51a,69,17.7,19,27.536
2010/11,52_51a,77,17.1,6,7.792
2010/11,52_51a,81,14.9,10,12.346
2010/11,52_51a,87,23.2,13,14.943
2010/11,52_51a,82,20.9,4,4.878
2010/11,52_51a,95,23.2,7,7.368
2010/11,52_51a,92,22.7,1,1.087
2010/11,52_51a,101,22,4,3.96
2010/11,52_51a,99,25,6,6.061
2010/11,52_51a,102,23.5,11,10.784
2010/11,52_51a,97,19.7,8,8.247
2010/11,52_51a,103,21.2,11,10.68
2010/11,52_51a,109,18.2,12,11.009
2010/11,52_51a,94,20,5,5.319
2010/11,52_51a,84,14.3,4,4.762
2010/11,52_51a,99,16,15,15.152
2010/11,52_51a,72,17.2,1,1.389
2010/11,52_51a,123,17.1,11,8.943
2010/11,52_51a,111,20,5,4.505
2010/11,52_51a,98,18.5,9,9.184
2010/11,52_51a,105,18.1,18,17.143
2010/11,52_51a,92,18.8,10,10.87
2010/11,52_51a,102,17.7,10,9.804
2010/11,52_51a,101,20,6,5.941
2010/11,52_51a,106,20.6,21,19.811
2010/11,52_51a,102,21.2,12,11.765
2010/11,52_51a,104,21.8,5,4.808
2010/11,52_51a,99,16.8,10,10.101
2010/11,52_51a,95,20,7,7.368
2010/11,52_51a,106,22.6,3,2.83
2010/11,52_51a,98,17.2,6,6.122
2010/11,52_51a,120,20.2,9,7.5
2010/11,52_64a,97,16.1,1,1.031
2010/11,52_64a,114,22.2,2,1.754
2010/11,52_64a,45,9.7,1,2.222
2010/11,52_64a,41,9.9,1,2.439
2010/11,52_64a,83,12.4,1,1.205
2010/11,52_64a,52,18.5,1,1.923
2010/11,52_64a,81,18.1,3,3.704
2010/11,52_64a,64,10.7,1,1.563
2010/11,52_64a,81,14.6,5,6.173
2010/11,52_64a,76,12.2,3,3.947
2010/11,52_64a,69,11.9,9,13.043
2010/11,52_64a,78,18.2,4,5.128
2010/11,52_64a,62,14.3,1,1.613
2010/11,52_64a,69,13.4,5,7.246
2010/11,52_64a,68,10.4,3,4.412
2010/11,52_64a,88,13.2,4,4.545
2010/11,52_64a,82,14.2,3,3.659
2010/11,52_64a,70,10.9,2,2.857
2010/11,52_64a,91,15.3,4,4.396
2010/11,52_64a,75,12.2,4,5.333
2010/11,52_64a,73,19.4,1,1.37
2010/11,52_64a,93,27.5,2,2.151
2010/11,52_64a,84,13.3,2,2.381
2010/11,52_64a,109,15.8,22,20.183
2010/11,52_64a,85,17.9,3,3.529
2010/11,52_64a,108,20.2,2,1.852
2011/12,53_101a,66,13.6,4,6.061
2011/12,53_101a,68,19.9,1,1.471
2011/12,53_101a,68,19.2,7,10.294
2011/12,53_101a,64,14.3,2,3.125
2011/12,53_101a,58,16.5,2,3.448
2011/12,53_101a,87,22.8,3,3.448
2011/12,53_101a,94,29.6,3,3.191
2011/12,53_101a,88,16.5,1,1.136
2011/12,53_101a,67,9.9,1,1.493
2011/12,53_101a,119,31.9,2,1.681
2011/12,53_101a,112,23.4,5,4.464
2011/12,53_101a,79,15.2,3,3.797
2011/12,53_101a,77,14.2,2,2.597
2011/12,53_101a,95,16.1,2,2.105
2011/12,53_101a,74,14.5,1,1.351
2011/12,53_101a,74,20.6,1,1.351
2011/12,53_101a,76,21.3,7,9.211
2011/12,53_101a,85,21.5,1,1.176
2011/12,53_101a,91,20.2,7,7.692
2011/12,53_101a,19,8.1,1,5.263
2011/12,53_101a,93,25.5,4,4.301
2011/12,53_101a,74,14.8,3,4.054
2011/12,53_101a,91,24.1,12,13.187
2011/12,53_101a,72,21.8,4,5.556
2011/12,53_101a,94,27.2,2,2.128
2011/12,53_101a,88,18,1,1.136
2011/12,53_101a,81,24.7,1,1.235
2011/12,53_101a,100,31,1,1
2011/12,53_101a,86,16.6,1,1.163
2011/12,53_101a,66,17.6,1,1.515
2011/12,53_101a,97,26.1,4,4.124
2011/12,53_101a,61,17.3,3,4.918
2011/12,53_101a,111,29.8,6,5.405
2011/12,53_101a,101,19.4,4,3.96
2011/12,53_101a,78,23.5,4,5.128
2011/12,53_101a,95,33.2,11,11.579
2011/12,53_101a,100,24.9,2,2
2011/12,53_101a,89,24.3,6,6.742
2011/12,53_101a,77,23.4,2,2.597
2011/12,53_101a,83,26.2,11,13.253
2011/12,53_101a,113,26.1,3,2.655
2011/12,53_101a,70,12.4,1,1.429
2011/12,53_101a,91,21.4,2,2.198
2011/12,53_101a,85,22.2,9,10.588
2011/12,53_101a,109,29,2,1.835
2011/12,53_101a,43,17,3,6.977
2011/12,53_101a,76,27.6,11,14.474
2011/12,53_101a,84,25.9,1,1.19
2011/12,53_101a,107,30.6,10,9.346
2011/12,53_101a,87,29.1,5,5.747
2011/12,53_29a,46,8,1,2.174
2011/12,53_29a,52,10,1,1.923
2011/12,53_29a,126,43.4,3,2.381
2011/12,53_29a,101,43.7,1,0.99
2011/12,53_29a,75,40.2,1,1.333
2011/12,53_35a,58,13.5,2,3.448
2011/12,53_35a,77,21.1,1,1.299
2011/12,53_35a,87,23.9,3,3.448
2011/12,53_35a,67,18.3,5,7.463
2011/12,53_35a,47,15.8,3,6.383
2011/12,53_35a,73,21.3,2,2.74
2011/12,53_35a,66,15.2,6,9.091
2011/12,53_35a,74,14.4,1,1.351
2011/12,53_35a,95,26.3,1,1.053
2011/12,53_35a,93,21.5,2,2.151
2011/12,53_35a,83,20.2,1,1.205
2011/12,53_35a,100,22.9,2,2
2011/12,53_35a,65,8.6,1,1.538
2011/12,53_35a,86,14.8,1,1.163
2011/12,53_35a,81,16.4,2,2.469
2011/12,53_35a,67,18.7,1,1.493
2011/12,53_35a,81,20,1,1.235
2011/12,53_35a,88,12.3,1,1.136
2011/12,53_35a,85,11.5,1,1.176
2011/12,53_35a,82,21.5,3,3.659
2011/12,53_35a,78,22.7,1,1.282
2011/12,53_35a,85,16.7,1,1.176
2011/12,53_35a,98,27.2,3,3.061
2011/12,53_35a,70,16.9,11,15.714
2011/12,53_35a,87,17.4,1,1.149
2011/12,53_35a,107,15.2,2,1.869
2011/12,53_35a,84,10.5,2,2.381
2011/12,53_35a,82,11.1,3,3.659
2011/12,53_35a,93,23.6,4,4.301
2011/12,53_35a,83,19.2,3,3.614
2011/12,53_35a,83,14.5,1,1.205
2011/12,53_35a,99,15.6,1,1.01
2011/12,53_35a,89,15.1,2,2.247
2011/12,53_35a,119,26.1,3,2.521
2011/12,53_35a,74,11.1,4,5.405
2011/12,53_35a,91,20.3,2,2.198
2011/12,53_35a,67,16.7,2,2.985
2011/12,53_35a,80,17.3,1,1.25
2011/12,53_35a,87,20.9,4,4.598
2011/12,53_35a,78,20.3,2,2.564
2011/12,53_35a,85,10.2,3,3.529
2011/12,53_35a,77,14.4,5,6.494
2011/12,53_35a,81,6.3,9,11.111
2011/12,53_35a,85,18.5,3,3.529
2011/12,53_35a,80,11.5,2,2.5
2011/12,53_35a,89,14.3,8,8.989
2011/12,53_35a,57,9.9,3,5.263
2011/12,53_35a,53,12.6,5,9.434
2011/12,53_35a,49,7.5,8,16.327
2011/12,53_35a,81,15,6,7.407
2011/12,53_35a,82,23.7,3,3.659
2011/12,53_35a,100,18.9,1,1
2011/12,53_35a,78,12.6,3,3.846
2011/12,53_35a,82,13,3,3.659
2011/12,53_35a,83,26.1,6,7.229
2011/12,53_35a,91,19.1,9,9.89
2011/12,53_35a,74,10.7,8,10.811
2011/12,53_35a,67,14,12,17.91
2011/12,53_50a,76,8.6,2,2.632
2011/12,53_50a,93,8.4,2,2.151
2011/12,53_50a,88,13.1,2,2.273
2011/12,53_50a,57,10.5,3,5.263
2011/12,53_50a,58,6.9,1,1.724
2011/12,53_50a,80,9.9,3,3.75
2011/12,53_50a,105,14.2,3,2.857
2011/12,53_50a,100,20.4,1,1
2011/12,53_50a,131,21.2,1,0.763
2011/12,53_50a,127,22.5,1,0.787
2011/12,53_50a,111,20.5,1,0.901
2011/12,53_50a,138,25.5,2,1.449
2011/12,53_50a,92,19.4,1,1.087
2011/12,53_50a,120,18.5,5,4.167
2011/12,53_50a,123,22.4,1,0.813
2011/12,53_50a,117,20.9,1,0.855
2011/12,53_50a,94,27.5,4,4.255
2011/12,53_50a,100,30.4,1,1
2011/12,53_50a,129,34.8,1,0.775
2011/12,53_50a,132,21.5,1,0.758
2011/12,53_50a,129,22.7,9,6.977
2011/12,53_50a,136,26.2,4,2.941
2011/12,53_50a,102,13.5,1,0.98
2011/12,53_50a,121,28.2,2,1.653
2011/12,53_50a,124,33.1,1,0.806
2011/12,53_50a,140,24.1,2,1.429
2011/12,53_50a,75,16.3,1,1.333
2011/12,53_50a,131,27.5,1,0.763
2011/12,53_50a,87,18.4,1,1.149
2011/12,53_50a,95,26,1,1.053
2011/12,53_50a,116,27.2,3,2.586
2011/12,53_50a,141,30.5,2,1.418
2011/12,53_50a,92,9.4,1,1.087
2011/12,53_50a,82,9.7,3,3.659
2011/12,53_50a,61,7.5,1,1.639
2011/12,53_50a,49,5.8,1,2.041
2011/12,53_50a,74,23,2,2.703
2011/12,53_50a,43,6.7,1,2.326
2011/12,53_50a,80,17.7,1,1.25
2011/12,53_50a,132,23.8,3,2.273
2011/12,53_50a,129,25.4,1,0.775
2011/12,53_50b,95,8.7,23,24.211
2011/12,53_50b,89,9.8,18,20.225
2011/12,53_50b,104,9.7,30,28.846
2011/12,53_50b,84,9.6,13,15.476
2011/12,53_50b,93,9.9,19,20.43
2011/12,53_50b,97,9,17,17.526
2011/12,53_50b,92,9.7,21,22.826
2011/12,53_50b,91,9.4,19,20.879
2011/12,53_50b,81,9.9,17,20.988
2011/12,53_50b,100,12.2,22,22
2011/12,53_50b,119,9.5,32,26.891
2011/12,53_50b,98,8.9,23,23.469
2011/12,53_50b,108,8.1,18,16.667
2011/12,53_50b,101,11,19,18.812
2011/12,53_50b,118,10.2,17,14.407
2011/12,53_50b,117,10.7,19,16.239
2011/12,53_50b,128,11.8,28,21.875
2011/12,53_50b,118,11.8,15,12.712
2011/12,53_50b,121,10.1,26,21.488
2011/12,53_50b,111,9.8,17,15.315
2011/12,53_50b,98,7.6,21,21.429
2011/12,53_50b,108,8.2,16,14.815
2011/12,53_50b,119,8.1,30,25.21
2011/12,53_50b,121,6.1,27,22.314
2011/12,53_50b,102,8.1,22,21.569
2011/12,53_50b,123,10.7,9,7.317
2011/12,53_50b,120,9.8,38,31.667
2011/12,53_50b,119,10.7,35,29.412
2011/12,53_50b,104,8.3,27,25.962
2011/12,53_50b,112,9.7,33,29.464
2011/12,53_50b,109,10.7,18,16.514
2011/12,53_50b,121,10.1,21,17.355
2011/12,53_50b,110,10.2,20,18.182
2011/12,53_50b,130,10,22,16.923
2011/12,53_50b,121,10.1,33,27.273
2011/12,53_50b,25,4.6,2,8
2011/12,53_50b,121,9.1,26,21.488
2011/12,53_50b,132,10.7,30,22.727
2011/12,53_50b,131,10.2,27,20.611
2011/12,53_50b,109,9.2,31,28.44
2011/12,53_50b,110,8.1,18,16.364
2011/12,53_50b,124,8.5,45,36.29
2011/12,53_50b,120,8.5,25,20.833
2011/12,53_50b,114,10.4,27,23.684
2011/12,53_50b,82,10.4,15,18.293
2011/12,53_50b,110,9.1,17,15.455
2011/12,53_50b,149,10.6,30,20.134
2011/12,53_50b,112,10.4,24,21.429
2011/12,53_50b,98,10.8,14,14.286
2011/12,53_50b,123,12.6,27,21.951
2011/12,53_50b,128,16.2,13,10.156
2011/12,53_50b,114,11.3,21,18.421
2011/12,53_50b,135,10.3,22,16.296
2011/12,53_50b,113,12.9,9,7.965
2011/12,53_50b,109,13.3,6,5.505
2011/12,53_52a,90,28.7,1,1.111
2011/12,53_52a,102,12.2,5,4.902
2011/12,53_52a,114,31.3,1,0.877
2011/12,53_52a,145,50.2,5,3.448
2011/12,53_52a,128,35.3,1,0.781
2011/12,53_52a,155,51.6,2,1.29
2011/12,53_52a,153,52,7,4.575
2011/12,53_52a,81,19.2,1,1.235
2011/12,53_52a,100,31.7,4,4
2011/12,53_52a,74,16.2,3,4.054
2011/12,53_52a,70,21.3,3,4.286
2011/12,53_52a,97,16.4,7,7.216
2011/12,53_52a,97,14.8,7,7.216
2011/12,53_52a,82,18.1,6,7.317
2011/12,53_52a,86,15.8,6,6.977
2011/12,53_52a,97,21.3,9,9.278
2011/12,53_52a,101,18.5,7,6.931
2011/12,53_52a,90,18.7,5,5.556
2011/12,53_52a,67,16.3,3,4.478
2011/12,53_52a,63,11.2,3,4.762
2011/12,53_52a,82,16.6,8,9.756
2011/12,53_52a,78,16.2,10,12.821
2011/12,53_52a,92,21.1,7,7.609
2011/12,53_52a,93,19.7,9,9.677
2011/12,53_52a,112,23.6,17,15.179
2011/12,53_52a,104,22.7,6,5.769
2011/12,53_52a,107,17.7,14,13.084
2011/12,53_52a,91,18.4,11,12.088
2011/12,53_52a,82,16.9,10,12.195
2011/12,53_52a,96,16.5,8,8.333
2011/12,53_52a,105,18.4,21,20
2011/12,53_52a,99,16.4,15,15.152
2011/12,53_52a,101,18.4,16,15.842
2011/12,53_52a,106,15.7,21,19.811
2011/12,53_52a,100,15.3,14,14
2011/12,53_52a,91,16.2,12,13.187
2011/12,53_52a,90,17.6,9,10
2011/12,53_52a,86,15.2,8,9.302
2011/12,53_52a,79,14.7,12,15.19
2011/12,53_52a,91,16,20,21.978
2011/12,53_52a,85,19,1,1.176
2011/12,53_52a,92,22.4,5,5.435
2011/12,53_52a,89,17.6,1,1.124
2011/12,53_52a,93,17.4,4,4.301
2011/12,53_52a,50,14.8,3,6
2011/12,53_52a,103,24.5,4,3.883
2011/12,53_52a,95,23.9,1,1.053
2011/12,53_52a,95,17.6,3,3.158
2011/12,53_52a,87,22.9,1,1.149
2011/12,53_52a,104,24.1,1,0.962
2011/12,53_52a,95,23.7,1,1.053
2011/12,53_52a,125,35.1,1,0.8
2011/12,53_52a,162,46.6,1,0.617
2011/12,53_52a,153,64.6,1,0.654
2011/12,53_52a,72,22.8,3,4.167
2011/12,53_59a,79,22,1,1.266
2011/12,53_59a,71,27,2,2.817
2011/12,53_59a,78,32.8,1,1.282
2011/12,53_59a,71,26.9,1,1.408
2011/12,53_59a,76,31.9,2,2.632
2011/12,53_59a,54,23.9,1,1.852
2011/12,53_59a,46,8.2,1,2.174
2011/12,53_59a,88,28.6,1,1.136
2011/12,53_59a,69,27.6,2,2.899
2011/12,53_59a,60,22.9,2,3.333
2011/12,53_59a,58,22.6,1,1.724
2011/12,53_59a,68,21.8,2,2.941
2011/12,53_59a,66,18.7,4,6.061
2011/12,53_59a,77,22,3,3.896
2011/12,53_59a,71,24,5,7.042
2011/12,53_59a,78,21,4,5.128
2011/12,53_59a,71,17.6,2,2.817
2011/12,53_59a,72,22.7,2,2.778
2011/12,53_59a,61,7.2,3,4.918
2011/12,53_59a,81,19.6,2,2.469
2011/12,53_59a,76,20.2,2,2.632
2011/12,53_59a,89,6,4,4.494
2011/12,53_59a,26,3.5,1,3.846
2011/12,53_59a,73,22.9,2,2.74
2011/12,53_59a,89,30,2,2.247
2011/12,53_59a,86,25.8,1,1.163
2011/12,53_59a,87,17.1,3,3.448
2011/12,53_59a,92,28.7,1,1.087
2011/12,53_59a,92,35.7,2,2.174
2011/12,53_59a,86,18.2,5,5.814
2011/12,53_59a,70,22.7,1,1.429
2011/12,53_59a,84,23.2,2,2.381
2011/12,53_59a,94,27.1,3,3.191
2011/12,53_59a,101,31.4,2,1.98
2011/12,53_59a,110,30.5,3,2.727
2011/12,53_59a,112,22.2,1,0.893
2011/12,53_59a,72,35.7,1,1.389
2011/12,53_59a,96,34.2,2,2.083
2011/12,53_59a,108,24,2,1.852
2011/12,53_59a,102,32.7,1,0.98
2011/12,53_59a,92,28.2,1,1.087
2011/12,53_59a,123,38,2,1.626
2011/12,53_59a,110,24.2,1,0.909
2011/12,53_59a,69,17.2,7,10.145
2011/12,53_68a,152,20.4,7,4.605
2011/12,53_68a,145,14.8,5,3.448
2011/12,53_68a,133,12.8,7,5.263
2011/12,53_68a,123,14,5,4.065
2011/12,53_68a,146,16.4,7,4.795
2011/12,53_68a,112,15.1,1,0.893
2011/12,53_68a,142,16.8,4,2.817
2011/12,53_68a,157,18.7,4,2.548
2011/12,53_68a,180,26.6,5,2.778
2011/12,53_68a,135,17.7,4,2.963
2011/12,53_68a,177,22,15,8.475
2011/12,53_68a,144,17.6,6,4.167
2011/12,53_68a,88,16.6,16,18.182
2011/12,53_68a,105,10.3,17,16.19
2011/12,53_68a,105,13,21,20
2011/12,53_68a,102,13,17,16.667
2011/12,53_68a,118,13.2,15,12.712
2011/12,53_68a,97,14,6,6.186
2011/12,53_68a,90,11.3,5,5.556
2011/12,53_68a,106,15.2,10,9.434
2011/12,53_68a,95,13.9,22,23.158
2011/12,53_68a,87,15.5,7,8.046
2011/12,53_68a,90,13.3,8,8.889
2011/12,53_68a,89,14.8,4,4.494
2011/12,53_68a,94,15.9,7,7.447
2011/12,53_68a,115,17.8,8,6.957
2011/12,53_68a,101,17.1,7,6.931
2011/12,53_68a,120,23.1,3,2.5
2011/12,53_68a,114,17.5,16,14.035
2011/12,53_68a,81,12.1,1,1.235
2011/12,53_68a,107,16.9,2,1.869
2011/12,53_68a,112,15.8,6,5.357
2011/12,53_68a,138,19.4,1,0.725
2011/12,53_75a,137,35.8,5,3.65
2011/12,53_75a,141,33.7,3,2.128
2011/12,53_75a,117,16.3,1,0.855
2011/12,53_75a,133,35.6,1,0.752
2011/12,53_75a,129,41.2,1,0.775
2011/12,53_75a,103,28.1,3,2.913
2011/12,53_75a,135,30.6,1,0.741
2011/12,53_75a,129,29,2,1.55
2011/12,53_75a,121,27.4,5,4.132
2011/12,53_75a,115,23.6,4,3.478
2011/12,53_75a,117,22.4,2,1.709
2011/12,53_75a,157,47.9,6,3.822
2011/12,53_75a,145,32.8,5,3.448
2011/12,53_75a,151,27,9,5.96
2011/12,53_75a,123,30,5,4.065
2011/12,53_75a,143,29.5,6,4.196
2011/12,53_75a,161,27.6,5,3.106
2011/12,53_75a,153,32,1,0.654
2011/12,53_75a,141,33.9,4,2.837
2011/12,53_75a,131,26,4,3.053
2011/12,53_75a,149,33.3,6,4.027
2011/12,53_75a,165,30.8,3,1.818
2011/12,53_75a,145,28.8,12,8.276
2011/12,53_75a,129,25.1,3,2.326
2011/12,53_75a,139,31.7,4,2.878
2011/12,53_75a,149,37.1,1,0.671
2011/12,53_75a,155,43.8,12,7.742
2011/12,53_75a,109,29.2,8,7.339
2011/12,53_75a,153,28.6,6,3.922
2011/12,53_75a,159,29.2,7,4.403
2011/12,53_75a,165,32.5,7,4.242
2011/12,53_75a,155,28.8,6,3.871
2011/12,53_75a,159,30.9,6,3.774
2012/13,54_105a,150,24.9,11,7.333
2012/13,54_105a,140,37.3,6,4.286
2012/13,54_105a,154,48.2,6,3.896
2012/13,54_105a,137,27.3,10,7.299
2012/13,54_105a,125,30.8,8,6.4
2012/13,54_105a,102,18.6,6,5.882
2012/13,54_105a,136,45,5,3.676
2012/13,54_105a,136,45.5,4,2.941
2012/13,54_105a,140,52.3,6,4.286
2012/13,54_105a,128,44.7,3,2.344
2012/13,54_105a,124,58.8,11,8.871
2012/13,54_105a,143,49.2,8,5.594
2012/13,54_105a,144,51.1,11,7.639
2012/13,54_105a,128,42.1,9,7.031
2012/13,54_105a,137,57.3,6,4.38
2012/13,54_105a,73,24.4,3,4.11
2012/13,54_105a,100,33.7,2,2
2012/13,54_105a,124,40.3,6,4.839
2012/13,54_105a,121,42.8,7,5.785
2012/13,54_105a,140,56.5,15,10.714
2012/13,54_105a,149,45.2,12,8.054
2012/13,54_105a,145,56.1,10,6.897
2012/13,54_105a,136,57.5,5,3.676
2012/13,54_105a,115,57.5,2,1.739
2012/13,54_105a,104,38.5,7,6.731
2012/13,54_105a,134,36.1,10,7.463
2012/13,54_105a,136,56,9,6.618
2012/13,54_105a,116,31.3,5,4.31
2012/13,54_105a,98,34.9,6,6.122
2012/13,54_105a,128,34.4,6,4.688
2012/13,54_105a,122,27.6,8,6.557
2012/13,54_105a,118,31.5,5,4.237
2012/13,54_105a,122,36.1,5,4.098
2012/13,54_105a,112,20.4,9,8.036
2012/13,54_105a,84,28.7,5,5.952
2012/13,54_105a,101,46.4,2,1.98
2012/13,54_105a,111,52.5,8,7.207
2012/13,54_105a,111,26.9,11,9.91
2012/13,54_105a,96,23.6,4,4.167
2012/13,54_105a,91,17.1,8,8.791
2012/13,54_105a,87,13.9,2,2.299
2012/13,54_105a,99,20.3,6,6.061
2012/13,54_105a,99,38.4,5,5.051
2012/13,54_105a,67,16,7,10.448
2012/13,54_105a,136,45,5,3.676
2012/13,54_105a,83,22.6,6,7.229
2012/13,54_105a,135,42.7,8,5.926
2012/13,54_105a,94,18,6,6.383
2012/13,54_105a,140,35.2,14,10
2012/13,54_105a,156,36,11,7.051
2012/13,54_105a,137,12.8,2,1.46
2012/13,54_105a,148,30.6,7,4.73
2012/13,54_105a,117,35.7,2,1.709
2012/13,54_105a,135,47.1,20,14.815
2012/13,54_105a,107,45,6,5.607
2012/13,54_105a,57,25.5,1,1.754
2012/13,54_105a,132,49.3,5,3.788
2012/13,54_105a,113,40.9,5,4.425
2012/13,54_105a,133,37.2,11,8.271
2012/13,54_105a,99,29.4,5,5.051
2012/13,54_105a,93,44.1,2,2.151
2012/13,54_105a,125,54.2,11,8.8
2012/13,54_105a,122,43.4,4,3.279
2012/13,54_105a,118,49.2,6,5.085
2012/13,54_105a,129,47.6,12,9.302
2012/13,54_105a,103,66.6,6,5.825
2012/13,54_105a,116,62.9,15,12.931
2012/13,54_105a,109,18.9,9,8.257
2012/13,54_105a,105,24.1,3,2.857
2012/13,54_105a,118,48.7,2,1.695
2012/13,54_105a,118,19.8,14,11.864
2012/13,54_105a,123,43.8,6,4.878
2012/13,54_105a,135,52.3,6,4.444
2012/13,54_105a,140,39,8,5.714
2012/13,54_105a,131,32.2,13,9.924
2012/13,54_105a,91,8.4,3,3.297
2012/13,54_105a,150,58.2,10,6.667
2012/13,54_105a,152,48.3,10,6.579
2012/13,54_105a,133,57.3,7,5.263
2012/13,54_105a,132,37.8,7,5.303
2012/13,54_105a,166,55.2,11,6.627
2012/13,54_105a,91,17.1,5,5.495
2012/13,54_105a,124,20.7,10,8.065
2012/13,54_105a,117,21.2,8,6.838
2012/13,54_105a,116,16.7,12,10.345
2012/13,54_105a,128,20.3,8,6.25
2012/13,54_105a,92,23.3,8,8.696
2012/13,54_105a,51,13.9,1,1.961
2012/13,54_105a,123,24.8,2,1.626
2012/13,54_105a,73,19.6,4,5.479
2012/13,54_105a,77,46.4,4,5.195
2012/13,54_105a,110,26.4,6,5.455
2012/13,54_105a,108,49.4,4,3.704
2012/13,54_105a,112,25.8,7,6.25
2012/13,54_105a,108,28.9,8,7.407
2012/13,54_105a,125,34.6,4,3.2
2012/13,54_105a,145,57.4,9,6.207
2012/13,54_105a,125,65.1,4,3.2
2012/13,54_105a,80,39.8,5,6.25
2012/13,54_105a,128,32.9,7,5.469
2012/13,54_105a,102,37,4,3.922
2012/13,54_105a,144,54.4,2,1.389
2012/13,54_105a,119,18.1,15,12.605
2012/13,54_105a,111,18,7,6.306
2012/13,54_105a,74,23,2,2.703
2012/13,54_105a,96,27.2,2,2.083
2012/13,54_105a,116,29.5,7,6.034
2012/13,54_105a,124,39.4,3,2.419
2012/13,54_105a,122,30.2,5,4.098
2012/13,54_105a,114,34.2,6,5.263
2012/13,54_105a,118,38.5,4,3.39
2012/13,54_105a,151,54.7,2,1.325
2012/13,54_105a,129,32.6,4,3.101
2012/13,54_105a,94,44.3,4,4.255
2012/13,54_105a,132,48,8,6.061
2012/13,54_105a,115,15.5,4,3.478
2012/13,54_105a,95,22.7,3,3.158
2012/13,54_105a,114,42.6,1,0.877
2012/13,54_105a,151,32.5,9,5.96
2012/13,54_105a,129,16.9,3,2.326
2012/13,54_105a,112,23.2,4,3.571
2012/13,54_105a,190,45.5,7,3.684
2012/13,54_105a,81,19.1,3,3.704
2012/13,54_105a,84,14.5,6,7.143
2012/13,54_105a,148,38.6,16,10.811
2012/13,54_105a,48,17.4,1,2.083
2012/13,54_105a,143,35.4,10,6.993
2012/13,54_105a,111,11.6,4,3.604
2012/13,54_105a,119,15.9,4,3.361
2012/13,54_105a,117,17.6,10,8.547
2012/13,54_105a,123,27.5,9,7.317
2012/13,54_105a,106,28.2,5,4.717
2012/13,54_105a,141,42.4,11,7.801
2012/13,54_105a,86,17.4,9,10.465
2012/13,54_105a,91,22.1,8,8.791
2012/13,54_105a,113,24.1,5,4.425
2012/13,54_105a,101,22.9,11,10.891
2012/13,54_105a,102,25,7,6.863
2012/13,54_108a,161,10.7,1,0.621
2012/13,54_108a,156,30,7,4.487
2012/13,54_108a,156,34.1,3,1.923
2012/13,54_108a,126,19.7,3,2.381
2012/13,54_108a,154,27,9,5.844
2012/13,54_108a,143,28.8,4,2.797
2012/13,54_108a,144,29.3,4,2.778
2012/13,54_108a,167,33.7,9,5.389
2012/13,54_108a,144,35.9,1,0.694
2012/13,54_108a,164,48.1,5,3.049
2012/13,54_108a,45,9,1,2.222
2012/13,54_108a,183,22.7,11,6.011
2012/13,54_108a,171,36.2,4,2.339
2012/13,54_108a,192,46,11,5.729
2012/13,54_108a,202,43.5,6,2.97
2012/13,54_108a,152,50.7,5,3.289
2012/13,54_108a,157,59.4,5,3.185
2012/13,54_108a,145,56.3,13,8.966
2012/13,54_108a,149,46.9,6,4.027
2012/13,54_108a,143,57.1,11,7.692
2012/13,54_108a,156,50.9,2,1.282
2012/13,54_108a,153,37.3,4,2.614
2012/13,54_108a,161,32.3,9,5.59
2012/13,54_108a,195,41.2,7,3.59
2012/13,54_108a,209,48.3,14,6.699
2012/13,54_108a,124,26,2,1.613
2012/13,54_108a,216,59.2,20,9.259
2012/13,54_108a,204,58.1,6,2.941
2012/13,54_108a,191,53.2,7,3.665
2012/13,54_108a,185,36.9,10,5.405
2012/13,54_108a,130,20.8,1,0.769
2012/13,54_108a,143,22,13,9.091
2012/13,54_108a,150,16.9,6,4
2012/13,54_108a,212,62.7,5,2.358
2012/13,54_108a,140,14.3,6,4.286
2012/13,54_108a,199,40.9,23,11.558
2012/13,54_108a,181,24.1,8,4.42
2012/13,54_108a,148,44.4,4,2.703
2012/13,54_108a,164,47.4,13,7.927
2012/13,54_108a,84,17.2,1,1.19
2012/13,54_108a,84,23.7,1,1.19
2012/13,54_108a,162,25.5,9,5.556
2012/13,54_108a,184,36.5,10,5.435
2012/13,54_108a,163,40,11,6.748
2012/13,54_108a,161,32.3,15,9.317
2012/13,54_108a,147,18.8,5,3.401
2012/13,54_108a,108,20.5,3,2.778
2012/13,54_108a,119,24.7,3,2.521
2012/13,54_108a,104,50.7,1,0.962
2012/13,54_108a,137,46.7,7,5.109
2012/13,54_108a,121,21.5,5,4.132
2012/13,54_110a,146,39.2,3,2.055
2012/13,54_110a,155,43.3,8,5.161
2012/13,54_110a,156,43,8,5.128
2012/13,54_110a,157,46.8,4,2.548
2012/13,54_110a,160,45.6,4,2.5
2012/13,54_110a,153,45.1,9,5.882
2012/13,54_110a,157,46.5,5,3.185
2012/13,54_110a,158,47.7,12,7.595
2012/13,54_110a,147,50.9,4,2.721
2012/13,54_110a,148,52.9,9,6.081
2012/13,54_110a,139,22.7,7,5.036
2012/13,54_110a,156,45.9,6,3.846
2012/13,54_110a,150,50,11,7.333
2012/13,54_110a,144,32.8,1,0.694
2012/13,54_110a,146,31.2,4,2.74
2012/13,54_110a,162,43.5,3,1.852
2012/13,54_110a,155,29.3,1,0.645
2012/13,54_110a,106,11.6,2,1.887
2012/13,54_110a,149,65.9,4,2.685
2012/13,54_110a,172,54.8,6,3.488
2012/13,54_110a,152,47.5,7,4.605
2012/13,54_110a,144,28.7,3,2.083
2012/13,54_110a,186,61.6,4,2.151
2012/13,54_110a,178,60.8,11,6.18
2012/13,54_110a,117,23.5,19,16.239
2012/13,54_110a,132,37.1,15,11.364
2012/13,54_110a,141,45.2,13,9.22
2012/13,54_110a,118,26.5,9,7.627
2012/13,54_110a,117,24.9,16,13.675
2012/13,54_110a,135,35.1,13,9.63
2012/13,54_110a,115,18.8,4,3.478
2012/13,54_110a,124,27.5,13,10.484
2012/13,54_110a,126,29.5,6,4.762
2012/13,54_110a,131,25,18,13.74
2012/13,54_110a,141,38.1,10,7.092
2012/13,54_110a,146,39.8,19,13.014
2012/13,54_110a,27,12.7,2,7.407
2012/13,54_110a,147,42.8,15,10.204
2012/13,54_110a,147,44.5,19,12.925
2012/13,54_110a,126,26,12,9.524
2012/13,54_11a,148,18.3,3,2.027
2012/13,54_11a,166,33.5,2,1.205
2012/13,54_11a,163,38.3,12,7.362
2012/13,54_11a,178,38.7,6,3.371
2012/13,54_11a,207,56.3,9,4.348
2012/13,54_11a,74,12.3,1,1.351
2012/13,54_11a,162,54.6,6,3.704
2012/13,54_11a,191,61.3,9,4.712
2012/13,54_11a,206,64,13,6.311
2012/13,54_11a,164,53.6,12,7.317
2012/13,54_11a,176,52.2,16,9.091
2012/13,54_11a,165,41.6,7,4.242
2012/13,54_11a,174,47.5,16,9.195
2012/13,54_11a,162,27.7,5,3.086
2012/13,54_11a,169,46.2,11,6.509
2012/13,54_11a,172,49.6,7,4.07
2012/13,54_11a,165,46.3,13,7.879
2012/13,54_11a,162,41.2,10,6.173
2012/13,54_11a,162,41.3,13,8.025
2012/13,54_11a,156,40,10,6.41
2012/13,54_11a,163,41.8,11,6.748
2012/13,54_11a,160,37.3,9,5.625
2012/13,54_11a,153,32.7,9,5.882
2012/13,54_11a,165,36.4,17,10.303
2012/13,54_11a,146,30.2,40,27.397
2012/13,54_11a,148,30.1,16,10.811
2012/13,54_11a,158,33.4,4,2.532
2012/13,54_11a,162,44.5,14,8.642
2012/13,54_11a,152,37.4,12,7.895
2012/13,54_11a,157,30.2,3,1.911
2012/13,54_11a,154,33,23,14.935
2012/13,54_11a,140,27.1,21,15
2012/13,54_11a,153,33.8,13,8.497
2012/13,54_11a,153,32,2,1.307
2012/13,54_11a,152,33.7,6,3.947
2012/13,54_129a,79,7.3,1,1.266
2012/13,54_129a,92,15.5,12,13.043
2012/13,54_129a,101,13.6,10,9.901
2012/13,54_129a,117,23.8,14,11.966
2012/13,54_129a,115,20.1,11,9.565
2012/13,54_129a,105,17.2,9,8.571
2012/13,54_129a,118,28.9,10,8.475
2012/13,54_129a,109,18.2,5,4.587
2012/13,54_129a,117,25,5,4.274
2012/13,54_129a,113,20.5,6,5.31
2012/13,54_129a,111,23.8,8,7.207
2012/13,54_129a,135,21.4,12,8.889
2012/13,54_129a,118,22.7,10,8.475
2012/13,54_129a,115,22.6,6,5.217
2012/13,54_129a,114,23.1,13,11.404
2012/13,54_129a,128,27.3,8,6.25
2012/13,54_129a,119,21,11,9.244
2012/13,54_129a,122,28.9,7,5.738
2012/13,54_129a,119,21.4,7,5.882
2012/13,54_129a,116,21.6,8,6.897
2012/13,54_129a,120,21.7,13,10.833
2012/13,54_129a,126,23.3,4,3.175
2012/13,54_129a,121,23,11,9.091
2012/13,54_129a,129,23.4,8,6.202
2012/13,54_129a,117,20.4,7,5.983
2012/13,54_129a,110,16.6,9,8.182
2012/13,54_129a,116,19.5,4,3.448
2012/13,54_129a,112,19.9,6,5.357
2012/13,54_129a,122,21.1,6,4.918
2012/13,54_129a,118,20.2,6,5.085
2012/13,54_129a,98,16.3,7,7.143
2012/13,54_129a,116,17.4,7,6.034
2012/13,54_129a,127,18.5,9,7.087
2012/13,54_129a,116,15.6,9,7.759
2012/13,54_129a,122,15.8,7,5.738
2012/13,54_129a,134,21.9,3,2.239
2012/13,54_129a,129,26.3,5,3.876
2012/13,54_129a,126,22,9,7.143
2012/13,54_129a,123,25.8,6,4.878
2012/13,54_129a,116,26.9,8,6.897
2012/13,54_129a,120,24,8,6.667
2012/13,54_129a,127,27.9,13,10.236
2012/13,54_129a,123,30.1,10,8.13
2012/13,54_129a,123,25.8,8,6.504
2012/13,54_129a,127,28.3,13,10.236
2012/13,54_129a,115,33.4,7,6.087
2012/13,54_129a,121,33.9,8,6.612
2012/13,54_129a,122,34.4,11,9.016
2012/13,54_129a,118,31,14,11.864
2012/13,54_129a,127,38.3,11,8.661
2012/13,54_129a,122,34.9,5,4.098
2012/13,54_129a,124,26.6,7,5.645
2012/13,54_129a,115,21.1,8,6.957
2012/13,54_129a,117,24.8,13,11.111
2012/13,54_129a,123,23.9,9,7.317
2012/13,54_129a,142,30.8,10,7.042
2012/13,54_129a,129,32.9,7,5.426
2012/13,54_129a,134,35.5,12,8.955
2012/13,54_129a,120,23.8,10,8.333
2012/13,54_129a,123,36.9,5,4.065
2012/13,54_129a,121,35.9,6,4.959
2012/13,54_129a,126,33.3,5,3.968
2012/13,54_129a,125,33.3,10,8
2012/13,54_129a,130,27.1,7,5.385
2012/13,54_129a,80,13.5,1,1.25
2012/13,54_129a,43,9.6,2,4.651
2012/13,54_129a,30,7.4,1,3.333
2012/13,54_129a,145,24.6,8,5.517
2012/13,54_129a,98,24.4,10,10.204
2012/13,54_129a,103,38.6,44,42.718
2012/13,54_129a,103,18.5,12,11.65
2012/13,54_129a,101,39.1,19,18.812
2012/13,54_129a,99,26.5,20,20.202
2012/13,54_129a,89,30.7,18,20.225
2012/13,54_129a,99,18.1,16,16.162
2012/13,54_129a,66,14.4,15,22.727
2012/13,54_129a,89,11.5,22,24.719
2012/13,54_129a,78,15.6,25,32.051
2012/13,54_129a,86,11.8,24,27.907
2012/13,54_129a,68,19.2,6,8.824
2012/13,54_129a,56,16.7,4,7.143
2012/13,54_129a,117,26.1,12,10.256
2012/13,54_129a,71,21.2,4,5.634
2012/13,54_129a,119,24.8,13,10.924
2012/13,54_129a,120,28.1,10,8.333
2012/13,54_129a,81,15.3,9,11.111
2012/13,54_129a,101,14.9,16,15.842
2012/13,54_134a,71,18.4,2,2.817
2012/13,54_134a,100,32.4,3,3
2012/13,54_134a,145,47.8,6,4.138
2012/13,54_134a,112,41.6,6,5.357
2012/13,54_134a,134,60.9,3,2.239
2012/13,54_134a,129,40.7,9,6.977
2012/13,54_134a,128,65.2,8,6.25
2012/13,54_134a,63,28.4,3,4.762
2012/13,54_134a,134,57.6,5,3.731
2012/13,54_134a,107,41.1,8,7.477
2012/13,54_134a,141,32.2,7,4.965
2012/13,54_134a,148,38.3,6,4.054
2012/13,54_134a,147,40.6,4,2.721
2012/13,54_134a,146,33.4,10,6.849
2012/13,54_134a,135,50,11,8.148
2012/13,54_134a,136,47.4,8,5.882
2012/13,54_134a,130,68.8,9,6.923
2012/13,54_134a,160,88.5,15,9.375
2012/13,54_134a,152,66.3,21,13.816
2012/13,54_134a,143,66.9,17,11.888
2012/13,54_134a,126,67.1,10,7.937
2012/13,54_134a,135,69.6,13,9.63
2012/13,54_134a,135,70.5,15,11.111
2012/13,54_134a,139,71.1,14,10.072
2012/13,54_134a,126,62.3,13,10.317
2012/13,54_134a,132,61,15,11.364
2012/13,54_134a,129,66.9,9,6.977
2012/13,54_134a,137,63,10,7.299
2012/13,54_134a,126,61.5,16,12.698
2012/13,54_134a,121,45.7,7,5.785
2012/13,54_134a,82,15.5,2,2.439
2012/13,54_134a,108,27.6,6,5.556
2012/13,54_134a,125,55.2,6,4.8
2012/13,54_134a,127,73.5,6,4.724
2012/13,54_134a,137,73.2,17,12.409
2012/13,54_134a,132,65.9,13,9.848
2012/13,54_134a,50,11.8,1,2
2012/13,54_134a,73,9.1,1,1.37
2012/13,54_134a,101,42.3,1,0.99
2012/13,54_134a,78,35.8,5,6.41
2012/13,54_134a,119,66.7,19,15.966
2012/13,54_134a,95,67.1,3,3.158
2012/13,54_134a,107,72.7,11,10.28
2012/13,54_134a,112,68.4,11,9.821
2012/13,54_134a,121,71.7,13,10.744
2012/13,54_134a,136,50.7,3,2.206
2012/13,54_134a,119,46.6,8,6.723
2012/13,54_134a,156,56.6,5,3.205
2012/13,54_134a,105,25.6,4,3.81
2012/13,54_134a,146,50.2,11,7.534
2012/13,54_134a,147,48.4,19,12.925
2012/13,54_134a,130,27.6,10,7.692
2012/13,54_134a,121,26.8,8,6.612
2012/13,54_134a,159,57,12,7.547
2012/13,54_134a,124,37,10,8.065
2012/13,54_134a,145,43.7,7,4.828
2012/13,54_134a,149,36.5,13,8.725
2012/13,54_134a,134,25.3,5,3.731
2012/13,54_134a,125,18.6,10,8
2012/13,54_134a,142,36.5,8,5.634
2012/13,54_134a,142,31.9,8,5.634
2012/13,54_134a,106,24.4,2,1.887
2012/13,54_134a,97,43.3,5,5.155
2012/13,54_134a,120,30.2,14,11.667
2012/13,54_134a,97,38.5,3,3.093
2012/13,54_134a,112,53.8,6,5.357
2012/13,54_134a,113,60.9,5,4.425
2012/13,54_134a,130,48.4,7,5.385
2012/13,54_134a,106,30.6,8,7.547
2012/13,54_134a,137,36,8,5.839
2012/13,54_134a,121,38.7,5,4.132
2012/13,54_134a,138,25.3,7,5.072
2012/13,54_134a,121,21.2,4,3.306
2012/13,54_134a,140,33.1,8,5.714
2012/13,54_134a,126,36.5,6,4.762
2012/13,54_134a,155,35,22,14.194
2012/13,54_134a,135,28.2,1,0.741
2012/13,54_134a,140,29.2,8,5.714
2012/13,54_134a,145,26.6,17,11.724
2012/13,54_134a,149,26.3,15,10.067
2012/13,54_134a,148,28.2,10,6.757
2012/13,54_134a,124,26.6,3,2.419
2012/13,54_134a,94,25.1,2,2.128
2012/13,54_134a,139,54.3,8,5.755
2012/13,54_134a,121,66.7,5,4.132
2012/13,54_134a,127,64,10,7.874
2012/13,54_134a,119,34.1,12,10.084
2012/13,54_134a,125,33,9,7.2
2012/13,54_134a,132,36,5,3.788
2012/13,54_134a,136,36.8,6,4.412
2012/13,54_134a,116,55.2,1,0.862
2012/13,54_134a,144,37.8,10,6.944
2012/13,54_134a,145,47.1,10,6.897
2012/13,54_149a,122,20.1,2,1.639
2012/13,54_149a,112,9.8,1,0.893
2012/13,54_149a,153,26.9,8,5.229
2012/13,54_149a,144,28.2,9,6.25
2012/13,54_149a,142,27,17,11.972
2012/13,54_149a,127,26.5,6,4.724
2012/13,54_149a,134,21.7,5,3.731
2012/13,54_149a,140,16.8,17,12.143
2012/13,54_149a,112,12.9,26,23.214
2012/13,54_149a,121,16.2,27,22.314
2012/13,54_149a,132,15.1,15,11.364
2012/13,54_149a,137,15.4,17,12.409
2012/13,54_149a,123,17.1,20,16.26
2012/13,54_149a,98,17.3,10,10.204
2012/13,54_149a,120,22,2,1.667
2012/13,54_149a,126,17.9,30,23.81
2012/13,54_149a,134,18.4,23,17.164
2012/13,54_27a,110,12.3,3,2.727
2012/13,54_27a,93,20.5,5,5.376
2012/13,54_27a,171,34.8,3,1.754
2012/13,54_27a,103,26.1,4,3.883
2012/13,54_27a,137,42.8,1,0.73
2012/13,54_27a,119,32.7,8,6.723
2012/13,54_27a,117,38.2,4,3.419
2012/13,54_27a,127,38.4,8,6.299
2012/13,54_27a,95,22.6,2,2.105
2012/13,54_27a,48,6.1,2,4.167
2012/13,54_27a,100,17.8,3,3
2012/13,54_27a,109,23.2,1,0.917
2012/13,54_27a,130,24.2,23,17.692
2012/13,54_27a,96,25.6,8,8.333
2012/13,54_27a,101,23.1,3,2.97
2012/13,54_27a,97,23.1,3,3.093
2012/13,54_27a,132,38.2,1,0.758
2012/13,54_27a,92,17.7,3,3.261
2012/13,54_27a,61,14.7,1,1.639
2012/13,54_27a,77,19.3,2,2.597
2012/13,54_27a,60,21,3,5
2012/13,54_27a,83,22.6,6,7.229
2012/13,54_27a,57,16.1,1,1.754
2012/13,54_27a,62,16.9,2,3.226
2012/13,54_27a,103,21.7,4,3.883
2012/13,54_27a,86,28,4,4.651
2012/13,54_27a,71,17.7,3,4.225
2012/13,54_27a,102,25.9,3,2.941
2012/13,54_50a,131,35.9,4,3.053
2012/13,54_50a,133,32.8,2,1.504
2012/13,54_50a,141,47.7,5,3.546
2012/13,54_50a,138,49,4,2.899
2012/13,54_50a,121,43.4,4,3.306
2012/13,54_50a,134,47.8,3,2.239
2012/13,54_50a,119,39.4,5,4.202
2012/13,54_50a,137,57.1,1,0.73
2012/13,54_50a,136,55.2,5,3.676
2012/13,54_50a,129,53.6,4,3.101
2012/13,54_50a,132,37.1,5,3.788
2012/13,54_50a,91,20.6,2,2.198
2012/13,54_50a,102,16.2,3,2.941
2012/13,54_50a,142,50.1,11,7.746
2012/13,54_50a,54,25.1,3,5.556
2012/13,54_50a,78,11.7,6,7.692
2012/13,54_50a,134,54.5,2,1.493
2012/13,54_50a,85,13.6,2,2.353
2012/13,54_50a,132,29,6,4.545
2012/13,54_50a,116,33.6,7,6.034
2012/13,54_50a,129,44.6,5,3.876
2012/13,54_50a,124,34.5,8,6.452
2012/13,54_50a,111,46.3,7,6.306
2012/13,54_50a,118,43,2,1.695
2012/13,54_50a,94,44.3,1,1.064
2012/13,54_50a,156,52.3,2,1.282
2012/13,54_50a,134,56.4,3,2.239
2012/13,54_50a,126,51.1,4,3.175
2012/13,54_50a,131,49.3,6,4.58
2012/13,54_50a,158,54.6,8,5.063
2012/13,54_50a,114,30,8,7.018
2012/13,54_50a,121,44.1,7,5.785
2012/13,54_50a,142,42.7,8,5.634
2012/13,54_50a,118,36.2,2,1.695
2012/13,54_50a,136,53.6,7,5.147
2012/13,54_50a,144,51,3,2.083
2012/13,54_50a,154,61.2,6,3.896
2012/13,54_50a,127,49.1,3,2.362
2012/13,54_50a,138,43.7,5,3.623
2012/13,54_50a,156,28.9,5,3.205
2012/13,54_50a,132,24.4,2,1.515
2012/13,54_50a,112,25.5,5,4.464
2012/13,54_50a,128,26.8,3,2.344
2012/13,54_50a,126,23.1,10,7.937
2012/13,54_50a,129,32.1,8,6.202
2012/13,54_50a,123,29.5,6,4.878
2012/13,54_50a,130,30.6,8,6.154
2012/13,54_50a,144,27,3,2.083
2012/13,54_50a,174,22.5,3,1.724
2012/13,54_50a,94,23.8,2,2.128
2012/13,54_50a,110,51.9,2,1.818
2012/13,54_50a,131,16.8,1,0.763
2012/13,54_50a,110,25.2,4,3.636
2012/13,54_50a,107,23,16,14.953
2012/13,54_50a,130,35.7,7,5.385
2012/13,54_50a,121,40.6,6,4.959
2012/13,54_50a,87,37.3,3,3.448
2012/13,54_50a,132,49.6,11,8.333
2012/13,54_50a,94,26.1,6,6.383
2012/13,54_50a,84,13,1,1.19
2012/13,54_50a,102,15.5,2,1.961
2012/13,54_50a,138,35.2,4,2.899
2012/13,54_50a,103,24.4,3,2.913
2012/13,54_50a,93,43.7,5,5.376
2012/13,54_62a,150,63.4,1,0.667
2012/13,54_62a,153,66.8,1,0.654
2012/13,54_62a,163,63.7,7,4.294
2012/13,54_62a,95,21.9,6,6.316
2012/13,54_62a,154,36.2,2,1.299
2012/13,54_62a,176,69.9,3,1.705
2012/13,54_62a,182,85.9,2,1.099
2012/13,54_62a,159,77.6,7,4.403
2012/13,54_62a,170,80.9,2,1.176
2012/13,54_62a,185,62.1,3,1.622
2012/13,54_62a,180,73.5,4,2.222
2012/13,54_62a,140,43.4,6,4.286
2012/13,54_62a,179,70.2,4,2.235
2012/13,54_62a,150,71.5,5,3.333
2012/13,54_62a,163,82.4,5,3.067
2012/13,54_62a,170,75.6,3,1.765
2012/13,54_62a,167,75.3,3,1.796
2012/13,54_62a,164,66.9,2,1.22
2012/13,54_62a,167,68.6,3,1.796
2012/13,54_62a,195,88.5,5,2.564
2012/13,54_62a,170,89,4,2.353
2012/13,54_62a,154,46.7,3,1.948
2012/13,54_62a,204,83,9,4.412
2012/13,54_62a,188,86.9,6,3.191
2012/13,54_62a,170,73.6,7,4.118
2012/13,54_62a,175,47,8,4.571
2012/13,54_62a,165,54.2,6,3.636
2012/13,54_62a,108,10.9,1,0.926
2012/13,54_62a,178,76.3,10,5.618
2012/13,54_62a,188,71.4,4,2.128
2012/13,54_62a,127,68.6,4,3.15
2012/13,54_62a,154,66.9,4,2.597
2012/13,54_62a,140,86.9,1,0.714
2012/13,54_62a,168,94.4,5,2.976
2012/13,54_62a,166,90.5,24,14.458
2012/13,54_62a,161,72.4,39,24.224
2012/13,54_62a,130,54.3,37,28.462
2012/13,54_62a,142,52.2,28,19.718
2012/13,54_62a,160,45,15,9.375
2012/13,54_62a,152,58.9,1,0.658
2012/13,54_62a,168,82.1,5,2.976
2012/13,54_62a,147,65.3,15,10.204
2012/13,54_62a,168,78.2,2,1.19
2012/13,54_62a,183,75.8,16,8.743
2012/13,54_62a,165,72.7,2,1.212
2012/13,54_62a,151,81.4,17,11.258
2012/13,54_62a,168,84.5,9,5.357
2012/13,54_62a,184,92.7,10,5.435
2012/13,54_62a,169,85.7,9,5.325
2012/13,54_62a,170,84.3,4,2.353
2012/13,54_62a,176,84.9,8,4.545
2012/13,54_62a,170,62.7,7,4.118
2012/13,54_62a,183,62.9,5,2.732
2012/13,54_62a,173,92.6,3,1.734
2012/13,54_62a,160,90.1,6,3.75
2012/13,54_62a,173,91.2,10,5.78
2012/13,54_62a,160,85.1,2,1.25
2012/13,54_62a,189,93.2,7,3.704
2012/13,54_62a,158,76.4,5,3.165
2012/13,54_62a,160,76.5,5,3.125
2012/13,54_62a,134,39.5,1,0.746
2012/13,54_62a,157,41,2,1.274
2012/13,54_62a,178,70,5,2.809
2012/13,54_62a,136,69.2,6,4.412
2012/13,54_62a,182,70.2,13,7.143
2012/13,54_62a,188,54.9,7,3.723
2012/13,54_62a,184,31.1,31,16.848
2012/13,54_62a,171,25.6,13,7.602
2012/13,54_62a,79,10.7,19,24.051
2012/13,54_62a,57,6.9,12,21.053
2012/13,54_62a,182,63.2,7,3.846
2012/13,54_62a,169,48.1,4,2.367
2012/13,54_62a,154,65.3,3,1.948
2012/13,54_62a,173,70.7,10,5.78
2012/13,54_62a,160,66.9,6,3.75
2012/13,54_62a,169,68.4,8,4.734
2012/13,54_62a,155,69.8,5,3.226
2012/13,54_62a,159,67.5,9,5.66
2012/13,54_62a,156,64.3,9,5.769
2012/13,54_62a,173,63.9,7,4.046
2012/13,54_62a,173,74.8,6,3.468
2012/13,54_62a,177,56.1,36,20.339
2012/13,54_62a,176,38.5,15,8.523
2012/13,54_62a,162,38.4,19,11.728
2012/13,54_62a,179,60.4,5,2.793
2012/13,54_62a,148,64.2,5,3.378
2012/13,54_62a,167,51,9,5.389
2012/13,54_62a,180,57.3,7,3.889
2012/13,54_62a,175,69,4,2.286
2012/13,54_62a,172,46.8,5,2.907
2012/13,54_62a,157,63.3,2,1.274
2012/13,54_62a,184,79.7,12,6.522
2012/13,54_62a,159,50.5,4,2.516
2012/13,54_62a,160,61.4,6,3.75
2012/13,54_62a,163,80.8,10,6.135
2012/13,54_62a,157,67.2,7,4.459
2012/13,54_62a,159,66.3,4,2.516
2012/13,54_62a,153,65.9,10,6.536
2012/13,54_62a,147,58.5,2,1.361
2012/13,54_62a,163,66.9,5,3.067
2012/13,54_62a,158,63.6,5,3.165
2012/13,54_62a,154,61.9,7,4.545
2012/13,54_62a,159,66.9,5,3.145
2012/13,54_62a,171,67.1,5,2.924
2012/13,54_62a,165,54.6,3,1.818
2012/13,54_62a,157,57.6,1,0.637
2012/13,54_62a,160,65.1,3,1.875
2012/13,54_62a,180,75.3,3,1.667
2012/13,54_62a,172,64.3,2,1.163
2012/13,54_62a,165,51.4,2,1.212
2012/13,54_62a,186,61.5,5,2.688
2012/13,54_62a,166,52.7,4,2.41
2012/13,54_62a,173,63.7,7,4.046
2012/13,54_62a,182,61.4,7,3.846
2012/13,54_62a,173,69.1,8,4.624
2012/13,54_62a,173,67.6,4,2.312
2012/13,54_62a,236,75.4,13,5.508
2012/13,54_62a,178,68.9,2,1.124
2012/13,54_62a,194,74.9,4,2.062
2012/13,54_62a,204,68.8,9,4.412
2012/13,54_62a,205,72.3,15,7.317
2012/13,54_62a,170,62.9,3,1.765
2012/13,54_62a,169,82.6,14,8.284
2012/13,54_62a,181,71.8,5,2.762
2012/13,54_62a,172,70.3,5,2.907
2012/13,54_62a,170,63.7,5,2.941
2012/13,54_62a,170,69.8,6,3.529
2012/13,54_62a,185,71.5,3,1.622
2012/13,54_62a,169,68.3,7,4.142
2012/13,54_62a,154,67.7,3,1.948
2012/13,54_62a,176,69.8,6,3.409
2012/13,54_62a,169,66.4,4,2.367
2012/13,54_62a,180,67.3,6,3.333
2012/13,54_62a,150,54,4,2.667
2012/13,54_62a,156,56.7,2,1.282
2012/13,54_62a,171,79,1,0.585
2012/13,54_62a,139,50.6,1,0.719
2012/13,54_62a,186,65.5,10,5.376
2012/13,54_62a,161,56.2,3,1.863
2012/13,54_62a,171,48.5,1,0.585
2012/13,54_62a,190,55.7,5,2.632
2012/13,54_62a,165,62.2,5,3.03
2012/13,54_62a,171,70.8,1,0.585
2012/13,54_62a,153,74.8,4,2.614
2012/13,54_62a,184,72.7,8,4.348
2012/13,54_62a,167,77.3,3,1.796
2012/13,54_62a,167,58.5,4,2.395
2012/13,54_62a,134,25.9,14,10.448
2012/13,54_62a,152,64.4,4,2.632
2012/13,54_62a,185,85.4,3,1.622
2012/13,54_62a,182,76.3,4,2.198
2012/13,54_62a,188,79,6,3.191
2012/13,54_62a,207,81.2,5,2.415
2012/13,54_62a,171,78.5,2,1.17
2012/13,54_62a,207,84.8,3,1.449
2012/13,54_62a,191,86.1,2,1.047
2012/13,54_62a,186,88.4,6,3.226
2012/13,54_62a,172,92.1,2,1.163
2012/13,54_62a,171,59.2,2,1.17
2012/13,54_62a,183,77.5,2,1.093
2012/13,54_62a,179,80.9,1,0.559
2012/13,54_62a,184,96.2,17,9.239
2012/13,54_62a,156,93.2,11,7.051
2012/13,54_62a,153,87.3,4,2.614
2012/13,54_62a,145,102.5,2,1.379
2012/13,54_62a,162,96.5,13,8.025
2012/13,54_62a,191,103.6,5,2.618
2012/13,54_62a,182,102.2,2,1.099
2012/13,54_62a,164,101.2,2,1.22
2012/13,54_62a,169,88.5,4,2.367
2012/13,54_62a,166,95.1,9,5.422
2012/13,54_62a,159,101.1,4,2.516
2012/13,54_62a,159,104,5,3.145
2012/13,54_62a,181,99.6,7,3.867
2012/13,54_62a,160,84.4,2,1.25
2012/13,54_62a,157,90.7,10,6.369
2012/13,54_62a,159,97.6,1,0.629
2012/13,54_62a,180,89,3,1.667
2012/13,54_62a,177,82.9,4,2.26
2012/13,54_62a,200,85.4,2,1
2012/13,54_62a,186,62.2,5,2.688
2012/13,54_6a,119,25.7,10,8.403
2012/13,54_6a,128,32.4,3,2.344
2012/13,54_6a,139,35.9,13,9.353
2012/13,54_6a,127,33.9,22,17.323
2012/13,54_6a,135,38.7,11,8.148
2012/13,54_6a,123,37.1,17,13.821
2012/13,54_6a,126,30.3,6,4.762
2012/13,54_6a,133,39.4,5,3.759
2012/13,54_6a,138,43,15,10.87
2012/13,54_6a,135,48.2,6,4.444
2012/13,54_6a,127,41.7,7,5.512
2012/13,54_6a,129,44.4,13,10.078
2012/13,54_6a,124,44.9,8,6.452
2012/13,54_6a,128,36.8,5,3.906
2012/13,54_6a,120,47.8,6,5
2012/13,54_6a,129,37.3,3,2.326
2012/13,54_6a,109,19.1,8,7.339
2012/13,54_6a,120,23.7,13,10.833
2012/13,54_6a,132,45.8,10,7.576
2012/13,54_6a,106,44.1,12,11.321
2012/13,54_6a,96,48.3,35,36.458
2012/13,54_6a,94,50.1,21,22.34
2012/13,54_6a,96,50.3,12,12.5
2012/13,54_6a,100,46.9,13,13
2012/13,54_6a,99,44.3,11,11.111
2012/13,54_6a,93,27.3,15,16.129
2012/13,54_6a,113,42.9,11,9.735
2012/13,54_6a,94,39.8,9,9.574
2012/13,54_6a,103,55.4,11,10.68
2012/13,54_6a,113,55.9,13,11.504
2012/13,54_6a,99,26.6,15,15.152
2012/13,54_6a,104,33.9,11,10.577
2012/13,54_6a,102,24.5,18,17.647
2012/13,54_6a,88,25.2,16,18.182
2012/13,54_6a,93,33.3,14,15.054
2012/13,54_6a,86,16.5,34,39.535
2012/13,54_6a,92,31,21,22.826
2012/13,54_6a,101,37.1,20,19.802
2012/13,54_6a,100,31.5,18,18
2012/13,54_6a,100,33.4,13,13
2012/13,54_6a,91,34.5,23,25.275
2012/13,54_6a,81,26.6,23,28.395
2012/13,54_6a,79,30.4,18,22.785
2012/13,54_6a,81,29.7,12,14.815
2012/13,54_6a,94,33.8,23,24.468
2012/13,54_6a,96,39.4,39,40.625
2012/13,54_6a,86,42,27,31.395
2012/13,54_6a,34,14.8,4,11.765
2012/13,54_6a,92,20.1,7,7.609
2012/13,54_6a,102,23.8,14,13.725
2012/13,54_6a,103,24.4,6,5.825
2012/13,54_6a,115,26.3,20,17.391
2012/13,54_6a,110,22.6,7,6.364
2012/13,54_6a,114,36.3,3,2.632
2012/13,54_6a,110,29.6,4,3.636
2012/13,54_6a,119,39.6,20,16.807
2012/13,54_6a,109,38.3,13,11.927
2012/13,54_6a,113,41.9,12,10.619
2012/13,54_6a,112,45.6,7,6.25
2012/13,54_6a,114,51.6,13,11.404
2012/13,54_6a,108,47.8,17,15.741
2012/13,54_6a,112,53.3,14,12.5
2012/13,54_6a,109,50.1,12,11.009
2012/13,54_6a,109,45.7,10,9.174
2012/13,54_6a,107,45.7,10,9.346
2012/13,54_6a,111,45.8,12,10.811
2012/13,54_6a,108,52.9,10,9.259
2012/13,54_6a,111,47.1,11,9.91
2012/13,54_6a,107,44.8,11,10.28
2012/13,54_6a,115,45.7,13,11.304
2012/13,54_6a,114,46.7,10,8.772
2012/13,54_6a,113,38.3,8,7.08
2012/13,54_6a,113,42.2,12,10.619
2012/13,54_6a,119,45.4,8,6.723
2012/13,54_6a,100,24.2,4,4
2012/13,54_6a,116,43.1,10,8.621
2012/13,54_6a,116,37.2,12,10.345
2012/13,54_6a,113,40.5,14,12.389
2012/13,54_6a,110,35.7,7,6.364
2012/13,54_6a,112,38.9,6,5.357
2012/13,54_6a,124,40.9,10,8.065
2012/13,54_6a,114,40.5,4,3.509
2012/13,54_6a,114,25,11,9.649
2012/13,54_6a,115,43,2,1.739
2012/13,54_6a,121,42.1,32,26.446
2012/13,54_6a,127,49,33,25.984
2012/13,54_6a,115,14.6,17,14.783
2012/13,54_7a,92,33.4,8,8.696
2012/13,54_7a,94,45.8,19,20.213
2012/13,54_7a,101,54.9,17,16.832
2012/13,54_7a,109,41.9,17,15.596
2012/13,54_7a,99,42.3,18,18.182
2012/13,54_7a,109,45.9,10,9.174
2012/13,54_7a,90,44.9,3,3.333
2012/13,54_7a,107,49.3,8,7.477
2012/13,54_7a,102,51.2,12,11.765
2012/13,54_7a,105,35.4,6,5.714
2012/13,54_7a,111,52.9,8,7.207
2012/13,54_7a,90,34.7,10,11.111
2012/13,54_7a,106,26.6,30,28.302
2012/13,54_7a,99,27.2,27,27.273
2012/13,54_7a,79,11.9,5,6.329
2012/13,54_7a,110,32.1,15,13.636
2012/13,54_7a,112,43.4,13,11.607
2012/13,54_7a,107,48.3,5,4.673
2012/13,54_7a,114,41.9,22,19.298
2012/13,54_7a,85,43.4,13,15.294
2012/13,54_7a,101,49.4,13,12.871
2012/13,54_7a,94,54.1,14,14.894
2012/13,54_7a,79,38.1,14,17.722
2012/13,54_7a,68,24.9,6,8.824
2012/13,54_7a,76,14.1,3,3.947
2012/13,54_7a,103,41.3,6,5.825
2012/13,54_7a,115,17.1,4,3.478
2012/13,54_7a,101,34.6,11,10.891
2012/13,54_7a,108,42.2,15,13.889
2012/13,54_7a,92,43.6,9,9.783
2012/13,54_7a,113,46.1,11,9.735
2012/13,54_7a,109,41.4,16,14.679
2012/13,54_7a,88,42.5,10,11.364
2012/13,54_7a,107,42.9,15,14.019
2012/13,54_7a,95,40.4,20,21.053
2012/13,54_7a,88,44.7,16,18.182
2012/13,54_7a,102,37.8,15,14.706
2012/13,54_7a,97,23,15,15.464
2012/13,54_7a,100,42.2,12,12
2012/13,54_7a,87,19.4,10,11.494
2012/13,54_7a,103,25.6,12,11.65
2012/13,54_7a,92,40.2,6,6.522
2012/13,54_7a,117,51,22,18.803
2012/13,54_7a,113,48.8,11,9.735
2012/13,54_7a,80,22.4,5,6.25
2012/13,54_7a,108,46.5,12,11.111
2012/13,54_7a,61,20.2,2,3.279
2012/13,54_7a,96,42,1,1.042
2012/13,54_7a,133,48,28,21.053
2012/13,54_7a,84,21.2,5,5.952
2012/13,54_7a,105,51.2,16,15.238
2012/13,54_7a,83,36.8,7,8.434
2012/13,54_7a,101,46.3,9,8.911
2012/13,54_7a,101,54.2,12,11.881
2012/13,54_7a,109,47.2,8,7.339
2012/13,54_7a,100,51.6,17,17
2012/13,54_7a,85,50.9,16,18.824
2012/13,54_7a,85,46.8,14,16.471
2012/13,54_7a,92,46.4,12,13.043
2012/13,54_7a,83,39.4,10,12.048
2012/13,54_7a,87,41.1,18,20.69
2012/13,54_7a,81,43.4,6,7.407
2012/13,54_7a,82,36.9,9,10.976
2012/13,54_7a,75,20.5,2,2.667
2012/13,54_91a,117,16.4,7,5.983
2012/13,54_91a,59,21.3,4,6.78
2012/13,54_91a,83,27.4,20,24.096
2012/13,54_91a,85,22.6,12,14.118
2012/13,54_91a,81,21.8,7,8.642
2012/13,54_91a,96,37.9,12,12.5
2012/13,54_91a,93,39.6,14,15.054
2012/13,54_91a,82,42.1,13,15.854
2012/13,54_91a,85,46.4,15,17.647
2012/13,54_91a,88,28.8,1,1.136
2012/13,54_91a,80,29.6,12,15
2012/13,54_91a,83,33.7,20,24.096
2012/13,54_91a,89,36.7,11,12.36
2012/13,54_91a,106,46,6,5.66
2012/13,54_91a,96,31.1,27,28.125
2012/13,54_91a,83,43.9,13,15.663
2012/13,54_91a,102,22.2,17,16.667
2012/13,54_91a,77,39.3,6,7.792
2012/13,54_91a,81,14.8,10,12.346
2012/13,54_91a,87,18,7,8.046
2012/13,54_91a,99,15.8,17,17.172
2012/13,54_91a,94,30.3,8,8.511
2012/13,54_91a,32,19.1,1,3.125
2012/13,54_91a,152,27.6,22,14.474
2012/13,54_91a,104,42.2,21,20.192
2012/13,54_91a,98,41,12,12.245
2012/13,54_91a,141,42.9,6,4.255
2012/13,54_91a,111,38.2,1,0.901
2012/13,54_91a,167,39.9,3,1.796
2012/13,54_91a,185,71.2,10,5.405
2012/13,54_91a,183,70.1,7,3.825
2012/13,54_91a,184,60.2,7,3.804
2012/13,54_91a,150,51.8,2,1.333
2012/13,54_91a,157,54.6,3,1.911
2012/13,54_91a,138,60.6,1,0.725
2012/13,54_91a,167,60.3,7,4.192
2012/13,54_91a,173,59.5,7,4.046
2012/13,54_91a,134,59.8,2,1.493
2012/13,54_91a,155,78.3,9,5.806
2012/13,54_91a,173,55.1,4,2.312
2012/13,54_95a,60,4.4,2,3.333
2012/13,54_95a,133,23.3,1,0.752
2012/13,54_95a,94,19.7,8,8.511
2012/13,54_95a,92,22.1,8,8.696
2012/13,54_95a,96,23.5,11,11.458
2012/13,54_95a,97,24.9,7,7.216
2012/13,54_95a,105,29.3,19,18.095
2012/13,54_95a,103,36.7,20,19.417
2012/13,54_95a,90,26.3,10,11.111
2012/13,54_95a,101,27.6,12,11.881
2012/13,54_95a,121,21.9,9,7.438
2012/13,54_95a,125,31.2,8,6.4
2012/13,54_95a,128,32.3,5,3.906
2012/13,54_95a,140,37.5,9,6.429
2012/13,54_95a,116,22.4,4,3.448
2012/13,54_95a,103,23,33,32.039
2012/13,54_95a,111,15.8,20,18.018
2012/13,54_95a,130,27,22,16.923
2012/13,54_95a,119,29.1,24,20.168
2012/13,54_95a,111,31.8,9,8.108
2012/13,54_95a,107,29.4,13,12.15
2012/13,54_95a,128,32.5,19,14.844
2012/13,54_95a,118,27.8,1,0.847
2012/13,54_95a,121,26.2,23,19.008
2012/13,54_95a,110,27.3,17,15.455
2012/13,54_95a,119,33.3,19,15.966
2012/13,54_95a,83,14.7,2,2.41
2012/13,54_95a,120,27.8,20,16.667
2012/13,54_95a,118,24.3,9,7.627
2012/13,54_95a,108,25.6,24,22.222
2012/13,54_95a,117,20.2,16,13.675
2012/13,54_95a,119,27.3,14,11.765
2012/13,54_95a,105,8,5,4.762
2012/13,54_95a,106,15.8,31,29.245
2012/13,54_95a,86,14,25,29.07
2012/13,54_95a,96,19.5,12,12.5
2012/13,54_95a,104,23.1,20,19.231
2012/13,54_95a,108,27.9,18,16.667
2012/13,54_95a,108,24.1,16,14.815
2012/13,54_95a,105,20.8,15,14.286
2012/13,54_95a,105,16.5,30,28.571
2012/13,54_95a,99,13.1,15,15.152
2012/13,54_95a,107,11.8,24,22.43
2012/13,54_95a,107,25.9,18,16.822
2012/13,54_95a,115,24.2,29,25.217
2012/13,54_95a,112,21.1,14,12.5
2012/13,54_95a,109,18.8,15,13.761
2012/13,54_95a,96,21.7,1,1.042
2012/13,54_95a,110,20.7,38,34.545
2012/13,54_95a,105,23.4,37,35.238
2012/13,54_95a,91,23.2,12,13.187
2012/13,54_95a,105,15.9,19,18.095
2012/13,54_95a,87,20.3,6,6.897
2012/13,54_95a,110,15.4,16,14.545
2012/13,54_95a,73,17,9,12.329
2012/13,54_95a,56,9.2,2,3.571
2012/13,54_95a,57,9.3,1,1.754
2012/13,54_95a,67,13.7,7,10.448
2012/13,54_95a,39,7.6,4,10.256
2012/13,54_95a,62,8.4,12,19.355
2012/13,54_96a,70,15.5,1,1.429
2012/13,54_96a,98,33.7,2,2.041
2012/13,54_96a,67,8.7,2,2.985
2012/13,54_96a,98,16.7,2,2.041
2012/13,54_96a,118,27,1,0.847
2012/13,54_96a,87,13.4,2,2.299
2012/13,54_96a,126,18.4,8,6.349
2012/13,54_96a,94,20.3,1,1.064
2012/13,54_96a,147,26.8,1,0.68
2012/13,54_96a,141,19.4,1,0.709
2012/13,54_96a,127,19.9,2,1.575
2016/17,58_03,87,22,1,1.149
2016/17,58_03,126,49.4,6,4.762
2016/17,58_03,126,62,17,13.492
2016/17,58_03,132,60.7,11,8.333
2016/17,58_03,123,59,12,9.756
2016/17,58_03,125,56.7,12,9.6
2016/17,58_03,123,50.1,5,4.065
2016/17,58_03,123,52.4,15,12.195
2016/17,58_03,111,53.3,18,16.216
2016/17,58_03,110,52.2,10,9.091
2016/17,58_03,112,54.1,7,6.25
2016/17,58_03,110,56.3,6,5.455
2016/17,58_03,109,59.1,6,5.505
2016/17,58_03,126,65.5,5,3.968
2016/17,58_03,124,70.2,12,9.677
2016/17,58_03,120,69.2,10,8.333
2016/17,58_03,123,69.6,11,8.943
2016/17,58_03,134,70.6,8,5.97
2016/17,58_03,130,74.3,12,9.231
2016/17,58_03,122,71.1,9,7.377
2016/17,58_03,140,71.8,19,13.571
2016/17,58_03,123,74,11,8.943
2016/17,58_03,129,75,10,7.752
2016/17,58_03,149,76.3,18,12.081
2016/17,58_03,137,72.4,19,13.869
2016/17,58_03,140,72.1,15,10.714
2016/17,58_03,133,71.6,11,8.271
2016/17,58_03,136,74.2,12,8.824
2016/17,58_03,135,73.5,10,7.407
2016/17,58_03,126,71.7,13,10.317
2016/17,58_03,132,76.8,19,14.394
2016/17,58_03,125,74.4,9,7.2
2016/17,58_03,129,73.2,13,10.078
2016/17,58_03,135,75.6,10,7.407
2016/17,58_03,131,79.2,9,6.87
2016/17,58_03,127,76.3,12,9.449
2016/17,58_03,123,72.2,8,6.504
2016/17,58_03,117,72.3,3,2.564
2016/17,58_03,126,79.3,11,8.73
2016/17,58_03,124,75.9,13,10.484
2016/17,58_03,133,76.4,19,14.286
2016/17,58_03,122,72.7,25,20.492
2016/17,58_03,111,72.2,19,17.117
2016/17,58_03,112,71.7,10,8.929
2016/17,58_03,113,74.3,19,16.814
2016/17,58_03,114,81,10,8.772
2016/17,58_03,120,78.4,5,4.167
2016/17,58_03,117,76.3,2,1.709
2016/17,58_03,132,80.4,11,8.333
2016/17,58_03,134,84.5,12,8.955
2016/17,58_03,134,83,13,9.701
2016/17,58_13,115,44,3,2.609
2016/17,58_13,115,44,11,9.565
2016/17,58_13,102,42.3,17,16.667
2016/17,58_13,104,44.3,8,7.692
2016/17,58_13,127,42.7,1,0.787
2016/17,58_13,136,45,2,1.471
2016/17,58_13,137,57.3,2,1.46
2016/17,58_13,142,60.3,3,2.113
2016/17,58_13,140,62,2,1.429
2016/17,58_13,145,60.8,6,4.138
2016/17,58_13,142,56.9,4,2.817
2016/17,58_13,136,50,1,0.735
2016/17,58_13,106,35,1,0.943
2016/17,58_13,115,43.9,3,2.609
2016/17,58_13,68,14.2,14,20.588
2016/17,58_13,66,16.2,7,10.606
2016/17,58_13,69,14.8,4,5.797
2016/17,58_13,75,15.4,3,4
2016/17,58_13,56,16.8,3,5.357
2016/17,58_13,59,17.4,2,3.39
2016/17,58_13,80,17.2,4,5
2016/17,58_13,72,12.3,4,5.556
2016/17,58_13,74,11.4,3,4.054
2016/17,58_13,72,13.2,2,2.778
2016/17,58_13,79,16,2,2.532
2016/17,58_13,76,14,6,7.895
2016/17,58_13,74,12.8,1,1.351
2016/17,58_13,80,13.6,1,1.25
2016/17,58_13,82,19.7,2,2.439
2016/17,58_13,69,15.4,2,2.899
2016/17,58_13,71,12.7,3,4.225
2016/17,58_13,78,19.7,5,6.41
2016/17,58_13,79,17.1,11,13.924
2016/17,58_13,73,17.3,6,8.219
2016/17,58_13,59,17,3,5.085
2016/17,58_13,46,16,1,2.174
2016/17,58_13,67,18.9,1,1.493
2016/17,58_13,74,15.4,6,8.108
2016/17,58_13,92,19.6,8,8.696
2016/17,58_13,83,17.5,4,4.819
2016/17,58_13,76,21,4,5.263
2016/17,58_13,83,17.8,1,1.205
2016/17,58_13,83,20,1,1.205
2016/17,58_13,80,17.5,1,1.25
2016/17,58_13,83,17.3,3,3.614
2016/17,58_13,83,18,1,1.205
2016/17,58_13,91,25.9,3,3.297
2016/17,58_13,75,27.5,2,2.667
2016/17,58_13,49,13.3,1,2.041
2016/17,58_13,71,17.3,1,1.408
2016/17,58_13,87,26.4,8,9.195
2016/17,58_13,93,26.9,3,3.226
2016/17,58_13,78,29.2,1,1.282
2016/17,58_13,85,22.9,4,4.706
2016/17,58_13,77,16.8,1,1.299
2016/17,58_13,91,24.2,4,4.396
2016/17,58_13,92,27.4,7,7.609
2016/17,58_13,88,23.3,6,6.818
2016/17,58_13,86,24.8,2,2.326
2016/17,58_13,89,24.1,4,4.494
2016/17,58_13,82,27,4,4.878
2016/17,58_13,92,25.9,6,6.522
2016/17,58_13,94,28.5,7,7.447
2016/17,58_13,84,20.8,3,3.571
2016/17,58_13,99,36.5,8,8.081
2016/17,58_13,106,46.1,16,15.094
2016/17,58_13,90,41.7,11,12.222
2016/17,58_13,107,46.6,6,5.607
2016/17,58_13,111,46.2,9,8.108
2016/17,58_13,115,41,19,16.522
2016/17,58_13,106,43.4,15,14.151
2016/17,58_13,104,38.8,16,15.385
2016/17,58_13,98,44.5,11,11.224
2016/17,58_13,103,41.4,8,7.767
2016/17,58_13,103,49.4,4,3.883
2016/17,58_13,99,22.4,1,1.01
2016/17,58_13,130,43.2,6,4.615
2016/17,58_13,128,43.1,1,0.781
2016/17,58_13,96,38.8,1,1.042
2016/17,58_13,107,40.4,4,3.738
2016/17,58_13,72,14.9,2,2.778
2016/17,58_13,108,31.7,6,5.556
2016/17,58_13,89,18.3,3,3.371
2016/17,58_13,89,15.6,5,5.618
2016/17,58_13,85,17.5,11,12.941
2016/17,58_13,79,18.7,10,12.658
2016/17,58_13,83,21.1,12,14.458
2016/17,58_13,88,20.6,3,3.409
2016/17,58_13,80,23.3,9,11.25
2016/17,58_13,80,22,11,13.75
2016/17,58_13,77,27.3,16,20.779
2016/17,58_13,73,24.8,7,9.589
2016/17,58_13,73,18.2,13,17.808
2016/17,58_13,77,17.3,6,7.792
2016/17,58_13,74,19.3,6,8.108
2016/17,58_13,68,17.1,13,19.118
2016/17,58_13,73,21.1,7,9.589
2016/17,58_13,67,20,7,10.448
2016/17,58_13,81,22.4,7,8.642
2016/17,58_13,74,21.5,2,2.703
2016/17,58_13,79,20.5,8,10.127
2016/17,58_13,85,22.6,10,11.765
2016/17,58_13,79,23.6,9,11.392
2016/17,58_13,83,25,21,25.301
2016/17,58_13,91,25,18,19.78
2016/17,58_13,71,19.3,11,15.493
2016/17,58_13,73,21,11,15.068
2016/17,58_13,68,25.4,7,10.294
2016/17,58_13,68,16.8,12,17.647
2016/17,58_13,66,17.2,13,19.697
2016/17,58_13,69,20.5,9,13.043
2016/17,58_13,62,15.9,18,29.032
2016/17,58_13,57,16.7,10,17.544
2016/17,58_13,57,15.6,9,15.789
2016/17,58_13,55,13.7,9,16.364
2016/17,58_13,63,15.1,9,14.286
2016/17,58_13,62,13.3,10,16.129
2016/17,58_13,67,14.6,8,11.94
2016/17,58_13,66,15.6,9,13.636
2016/17,58_13,69,15.3,17,24.638
2016/17,58_13,60,14.2,11,18.333
2016/17,58_13,64,14.8,11,17.188
2016/17,58_13,59,15.7,5,8.475
2016/17,58_25,96,32,1,1.042
2016/17,58_25,76,32.1,1,1.316
2016/17,58_25,125,62.5,2,1.6
2016/17,58_25,91,37.8,2,2.198
2016/17,58_25,122,44,6,4.918
2016/17,58_25,107,54.6,6,5.607
2016/17,58_25,111,46.6,5,4.505
2016/17,58_25,112,53.1,7,6.25
2016/17,58_25,103,45.5,9,8.738
2016/17,58_25,101,41.9,6,5.941
2016/17,58_25,95,40.2,3,3.158
2016/17,58_25,83,43.1,3,3.614
2016/17,58_25,86,49.1,1,1.163
2016/17,58_25,98,55.7,3,3.061
2016/17,58_25,108,53.1,8,7.407
2016/17,58_25,89,53.1,4,4.494
2016/17,58_25,82,46.6,6,7.317
2016/17,58_25,65,37.2,2,3.077
2016/17,58_25,62,34.9,1,1.613
2016/17,58_25,93,51.1,4,4.301
2016/17,58_25,106,56.2,2,1.887
2016/17,58_25,119,74,10,8.403
2016/17,58_25,129,74.7,13,10.078
2016/17,58_25,135,77.1,14,10.37
2016/17,58_25,128,79.4,15,11.719
2016/17,58_25,93,52.6,5,5.376
2016/17,58_25,114,68.1,4,3.509
2016/17,58_25,120,79.7,19,15.833
2016/17,58_25,111,74.1,7,6.306
2016/17,58_25,126,77.6,12,9.524
2016/17,58_25,127,80.6,19,14.961
2016/17,58_25,126,83.5,10,7.937
2016/17,58_25,134,84.5,9,6.716
2016/17,58_25,137,83.8,13,9.489
2016/17,58_25,129,84.6,10,7.752
2016/17,58_25,135,78,8,5.926
2016/17,58_25,122,81.7,16,13.115
2016/17,58_25,123,80.2,15,12.195
2016/17,58_25,119,78.3,17,14.286
2016/17,58_25,118,76.4,15,12.712
2016/17,58_25,114,79.8,12,10.526
2016/17,58_25,118,77.5,32,27.119
2016/17,58_25,115,76.3,12,10.435
2016/17,58_25,118,78.3,15,12.712
2016/17,58_25,108,65.8,3,2.778
2016/17,58_25,110,66.2,2,1.818
2016/17,58_25,93,19.3,9,9.677
2016/17,58_25,91,45.5,6,6.593
2016/17,58_25,110,48.9,7,6.364
2016/17,58_25,116,47.9,8,6.897
2016/17,58_25,112,54,2,1.786
2016/17,58_25,103,45.1,14,13.592
2016/17,58_25,112,49.3,15,13.393
2016/17,58_25,108,48.2,5,4.63
2016/17,58_25,107,45.2,14,13.084
2016/17,58_25,119,53.6,1,0.84
2016/17,58_25,119,63,4,3.361
2016/17,58_25,128,65.9,8,6.25
2016/17,58_25,129,66.5,3,2.326
2016/17,58_25,123,63.5,14,11.382
2016/17,58_25,106,56.8,2,1.887
2016/17,58_25,111,55.8,1,0.901
2016/17,58_25,119,56.3,15,12.605
2016/17,58_25,125,62.8,8,6.4
2016/17,58_25,120,56.3,14,11.667
2016/17,58_25,106,56,1,0.943
2016/17,58_25,110,58.6,3,2.727
2016/17,58_25,117,59.9,4,3.419
2016/17,58_25,136,60.6,14,10.294
2016/17,58_25,130,63.6,16,12.308
2016/17,58_25,136,65.4,12,8.824
2016/17,58_25,136,66.3,23,16.912
2016/17,58_25,111,65.1,15,13.514
2016/17,58_25,117,58.7,14,11.966
2016/17,58_25,129,63.4,16,12.403
2016/17,58_25,126,63.5,10,7.937
2016/17,58_25,112,65.9,2,1.786
2016/17,58_25,90,61.1,1,1.111
2016/17,58_25,110,65.2,2,1.818
2016/17,58_25,110,59.7,6,5.455
2016/17,58_25,122,59.2,20,16.393
2016/17,58_25,126,60.8,9,7.143
2016/17,58_25,118,59.4,3,2.542
2016/17,58_25,100,57,10,10
2016/17,58_25,87,55.4,1,1.149
2016/17,58_25,82,53.5,3,3.659
2016/17,58_25,98,52.9,7,7.143
2016/17,58_25,97,54.9,4,4.124
2016/17,58_25,112,57.9,15,13.393
2016/17,58_25,123,58.1,12,9.756
2016/17,58_25,121,60,18,14.876
2016/17,58_25,127,65.6,21,16.535
2016/17,58_25,122,66.9,22,18.033
2016/17,58_25,131,67.4,17,12.977
2016/17,58_25,123,65.5,22,17.886
2016/17,58_25,98,64,9,9.184
2016/17,58_25,118,63.1,14,11.864
2016/17,58_25,117,68.3,11,9.402
2016/17,58_25,127,68.7,12,9.449
2016/17,58_25,108,66.9,24,22.222
2016/17,58_25,104,42.9,2,1.923
2016/17,58_25,118,59.6,4,3.39
2016/17,58_25,122,69.4,15,12.295
2016/17,58_25,126,67.3,13,10.317
2016/17,58_25,129,68.8,9,6.977
2016/17,58_25,130,66.6,12,9.231
2016/17,58_25,126,64.8,13,10.317
2016/17,58_25,122,68.3,9,7.377
2016/17,58_25,118,69.4,6,5.085
2016/17,58_25,120,69.2,4,3.333
2016/17,58_25,128,67.9,11,8.594
2016/17,58_25,121,61.7,1,0.826
2016/17,58_25,130,64.4,10,7.692
2016/17,58_25,137,75.4,23,16.788
2016/17,58_25,139,73.5,23,16.547
2016/17,58_25,144,75.1,15,10.417
2016/17,58_25,138,73.1,20,14.493
2016/17,58_25,122,71.3,23,18.852
2016/17,58_25,142,72.2,15,10.563
2016/17,58_25,109,68.7,10,9.174
2016/17,58_25,138,71.2,17,12.319
2016/17,58_28,65,7.1,2,3.077
2016/17,58_28,68,15.1,11,16.176
2016/17,58_28,71,17.1,5,7.042
2016/17,58_28,85,18,10,11.765
2016/17,58_28,89,17.4,17,19.101
2016/17,58_28,72,16.3,6,8.333
2016/17,58_28,101,19.3,10,9.901
2016/17,58_28,93,17.5,19,20.43
2016/17,58_28,94,18.3,5,5.319
2016/17,58_28,94,21.1,4,4.255
2016/17,58_28,102,18.4,5,4.902
2016/17,58_28,106,20.3,3,2.83
2016/17,58_28,107,19.9,3,2.804
2016/17,58_28,98,18.1,12,12.245
2016/17,58_28,93,17.7,16,17.204
2016/17,58_28,95,19.4,13,13.684
2016/17,58_28,93,18.4,12,12.903
2016/17,58_28,92,18.7,13,14.13
2016/17,58_28,94,20.9,10,10.638
2016/17,58_28,90,19.1,17,18.889
2016/17,58_28,83,17.6,16,19.277
2016/17,58_28,90,19,12,13.333
2016/17,58_28,78,16.2,18,23.077
2016/17,58_28,77,18.9,10,12.987
2016/17,58_28,98,24.8,5,5.102
2016/17,58_28,99,26.8,5,5.051
2016/17,58_28,107,24.6,5,4.673
2016/17,58_28,101,20.7,2,1.98
2016/17,58_29,91,16.6,1,1.099
2016/17,58_29,85,18.9,2,2.353
2016/17,58_29,109,21.8,1,0.917
2016/17,58_29,103,22.4,2,1.942
2016/17,58_29,99,29.2,1,1.01
2016/17,58_29,80,32.3,1,1.25
2016/17,58_29,89,29.8,1,1.124
2016/17,58_29,76,25.9,1,1.316
2016/17,58_29,76,36.7,1,1.316
2016/17,58_29,84,31.3,2,2.381
2016/17,58_29,90,36.6,3,3.333
2016/17,58_29,92,35.4,10,10.87
2016/17,58_29,87,38.8,4,4.598
2016/17,58_29,77,29.4,7,9.091
2016/17,58_29,97,32.7,10,10.309
2016/17,58_29,89,33.4,12,13.483
2016/17,58_29,80,35,4,5
2016/17,58_29,87,35,18,20.69
2016/17,58_29,82,38,14,17.073
2016/17,58_29,77,29.8,1,1.299
2016/17,58_29,81,31.1,7,8.642
2016/17,58_29,78,31.7,7,8.974
2016/17,58_29,69,27.1,3,4.348
2016/17,58_29,31,13.8,1,3.226
2016/17,58_29,69,25.5,1,1.449
2016/17,58_29,73,26,1,1.37
2016/17,58_29,73,27,1,1.37
2016/17,58_29,51,15.6,1,1.961
2016/17,58_29,67,17.2,1,1.493
2016/17,58_29,69,19.1,1,1.449
2016/17,58_29,103,36.4,4,3.883
2016/17,58_29,98,36.6,2,2.041
2016/17,58_29,111,37.1,10,9.009
2016/17,58_29,127,39.9,3,2.362
2016/17,58_29,90,25.5,11,12.222
2016/17,58_29,101,28.6,9,8.911
2016/17,58_29,97,29,8,8.247
2016/17,58_29,95,30.7,5,5.263
2016/17,58_29,92,30.3,4,4.348
2016/17,58_29,71,25.7,6,8.451
2016/17,58_29,78,30.8,1,1.282
2016/17,58_29,97,36.2,2,2.062
2016/17,58_29,85,37.3,3,3.529
2016/17,58_29,101,39.6,1,0.99
2016/17,58_29,99,40.6,4,4.04
2016/17,58_29,96,40.5,9,9.375
2016/17,58_29,92,41.3,11,11.957
2016/17,58_29,96,40.5,5,5.208
2016/17,58_29,101,41.8,5,4.95
2016/17,58_29,101,39.7,1,0.99
2016/17,58_29,56,8.7,1,1.786
2016/17,58_29,88,35.4,3,3.409
2016/17,58_29,98,39.6,5,5.102
2016/17,58_29,109,39.7,6,5.505
2016/17,58_29,91,42.7,2,2.198
2016/17,58_29,88,27,1,1.136
2016/17,58_29,93,28.6,1,1.075
2016/17,58_29,98,34.6,7,7.143
2016/17,58_29,111,41,3,2.703
2016/17,58_29,109,35.5,4,3.67
2016/17,58_29,109,41.1,3,2.752
2016/17,58_29,96,33.2,1,1.042
2016/17,58_29,114,45.1,8,7.018
2016/17,58_29,95,40,5,5.263
2016/17,58_29,108,47.6,5,4.63
2016/17,58_29,97,32.4,3,3.093
2016/17,58_29,101,35,4,3.96
2016/17,58_29,98,37.7,10,10.204
2016/17,58_29,110,41.2,11,10
2016/17,58_29,100,43.3,5,5
2016/17,58_29,107,40.1,9,8.411
2016/17,58_29,103,36.5,3,2.913
2016/17,58_29,98,39.3,1,1.02
2016/17,58_29,61,21.9,1,1.639
2016/17,58_29,73,35.8,3,4.11
2016/17,58_29,71,31.9,4,5.634
2016/17,58_29,74,32.6,9,12.162
2016/17,58_29,71,39.9,6,8.451
2016/17,58_29,80,38.2,6,7.5
2016/17,58_29,77,37.4,15,19.481
2016/17,58_29,93,38,9,9.677
2016/17,58_29,89,46.6,8,8.989
2016/17,58_29,91,42,15,16.484
2016/17,58_29,77,28.6,13,16.883
2016/17,58_29,73,26.6,18,24.658
2016/17,58_29,83,34,12,14.458
2016/17,58_29,77,33.1,8,10.39
2016/17,58_29,67,27.8,9,13.433
2016/17,58_29,73,30.5,15,20.548
2016/17,58_29,72,29.5,15,20.833
2016/17,58_29,76,30.5,11,14.474
2016/17,58_29,76,34.4,8,10.526
2016/17,58_29,83,31.2,17,20.482
2016/17,58_31,68,31,2,2.941
2016/17,58_31,62,28.9,1,1.613
2016/17,58_31,80,36.7,2,2.5
2016/17,58_31,59,32.8,1,1.695
2016/17,58_31,88,37,1,1.136
2016/17,58_31,84,37.7,2,2.381
2016/17,58_31,92,36.5,3,3.261
2016/17,58_31,101,31.5,3,2.97
2016/17,58_31,86,32.6,4,4.651
2016/17,58_31,70,27.5,1,1.429
2016/17,58_31,74,35.5,1,1.351
2016/17,58_31,81,36.8,3,3.704
2016/17,58_31,93,41.1,1,1.075
2016/17,58_31,92,39.6,4,4.348
2016/17,58_31,103,40.1,3,2.913
2016/17,58_31,99,38.8,5,5.051
2016/17,58_31,102,36.4,2,1.961
2016/17,58_31,90,34.3,5,5.556
2016/17,58_31,79,34.8,1,1.266
2016/17,58_31,85,33.2,2,2.353
2016/17,58_31,73,28,1,1.37
2016/17,58_31,67,32.8,2,2.985
2016/17,58_31,66,27.4,1,1.515
2016/17,58_31,82,35.7,2,2.439
2016/17,58_31,97,42.8,1,1.031
2016/17,58_31,90,34,2,2.222
2016/17,58_31,78,35.2,2,2.564
2016/17,58_31,91,32.3,5,5.495
2016/17,58_31,94,34,3,3.191
2016/17,58_31,84,32.8,10,11.905
2016/17,58_31,95,33.8,3,3.158
2016/17,58_31,97,29,5,5.155
2016/17,58_31,97,26.9,1,1.031
2016/17,58_31,77,24.4,2,2.597
2016/17,58_31,95,31.2,8,8.421
2016/17,58_31,79,28.2,3,3.797
2016/17,58_31,76,28,4,5.263
2016/17,58_31,69,30.5,4,5.797
2016/17,58_31,72,33.8,1,1.389
2016/17,58_31,83,39.5,5,6.024
2016/17,58_31,81,33.2,5,6.173
2016/17,58_31,93,36,9,9.677
2016/17,58_31,85,36.4,7,8.235
2016/17,58_31,90,33.4,5,5.556
2016/17,58_31,91,32.5,4,4.396
2016/17,58_31,88,39.3,2,2.273
2016/17,58_31,93,42,4,4.301
2016/17,58_31,92,42.5,2,2.174
2016/17,58_31,90,42.1,3,3.333
2016/17,58_31,84,21.8,4,4.762
2016/17,58_31,78,23.3,7,8.974
2016/17,58_31,87,25.9,6,6.897
2016/17,58_31,92,29.4,6,6.522
2016/17,58_31,88,26,2,2.273
2016/17,58_31,91,29.4,4,4.396
2016/17,58_31,73,30.1,4,5.479
2016/17,58_31,101,34.6,8,7.921
2016/17,58_31,98,27.6,5,5.102
2016/17,58_31,92,32.8,5,5.435
2016/17,58_31,108,26.9,9,8.333
2016/17,58_31,106,37.6,7,6.604
2016/17,58_31,95,33.7,8,8.421
2016/17,58_31,104,30.9,7,6.731
2016/17,58_31,101,33.3,17,16.832
2016/17,58_31,100,34.7,8,8
2016/17,58_31,92,37.3,7,7.609
2016/17,58_31,95,34.3,5,5.263
2016/17,58_31,102,44.2,4,3.922
2016/17,58_31,97,39.9,7,7.216
2016/17,58_31,97,44.3,8,8.247
2016/17,58_31,97,39.4,11,11.34
2016/17,58_31,103,40,5,4.854
2016/17,58_31,93,38.5,6,6.452
2016/17,58_31,96,39.2,10,10.417
2016/17,58_31,97,37.3,4,4.124
2016/17,58_31,93,32.9,5,5.376
2016/17,58_31,68,33.7,5,7.353
2016/17,58_31,70,29.7,2,2.857
2016/17,58_31,74,32.3,8,10.811
2016/17,58_31,74,27.3,3,4.054
2016/17,58_31,84,25,9,10.714
2016/17,58_31,85,33.9,8,9.412
2016/17,58_31,85,29.5,3,3.529
2016/17,58_31,102,42.5,8,7.843
2016/17,58_31,94,42.9,8,8.511
2016/17,58_31,97,38.5,8,8.247
2016/17,58_31,98,40.8,7,7.143
2016/17,58_31,99,49.6,4,4.04
2016/17,58_31,108,46.8,7,6.481
2016/17,58_31,105,49.2,7,6.667
2016/17,58_31,97,50.7,5,5.155
2016/17,58_31,103,46.6,11,10.68
2016/17,58_31,70,36.4,4,5.714
2016/17,58_31,110,47.6,5,4.545
2016/17,58_31,98,34.4,6,6.122
2016/17,58_31,88,37.5,9,10.227
2016/17,58_31,84,37.8,7,8.333
2016/17,58_31,95,39.2,5,5.263
2016/17,58_31,85,29.5,5,5.882
2016/17,58_31,55,24.7,2,3.636
2016/17,58_31,85,33.8,14,16.471
2016/17,58_31,87,36.4,4,4.598
2016/17,58_31,80,24.4,2,2.5
2016/17,58_31,84,34.7,2,2.381
2016/17,58_31,79,36.4,2,2.532
2016/17,58_31,80,36.6,1,1.25
2016/17,58_31,79,35.5,4,5.063
2016/17,58_31,78,39.6,8,10.256
2016/17,58_31,71,30.8,6,8.451
2016/17,58_31,88,33.7,8,9.091
2016/17,58_31,66,30.1,8,12.121
2016/17,58_31,69,25.7,7,10.145
2016/17,58_31,73,28.9,9,12.329
2016/17,58_31,79,32.2,15,18.987
2016/17,58_31,93,33.9,9,9.677
2016/17,58_31,82,29.3,15,18.293
2016/17,58_31,88,32.3,20,22.727
2016/17,58_31,83,30,6,7.229
2016/17,58_31,89,34.9,7,7.865
2016/17,58_31,84,37.8,3,3.571
2016/17,58_31,84,33.1,4,4.762
2016/17,58_31,84,34.4,11,13.095
2016/17,58_31,82,33.5,4,4.878
2016/17,58_31,77,33.8,3,3.896
2016/17,58_31,76,30.7,9,11.842
2016/17,58_31,56,28,1,1.786
2016/17,58_31,74,38.5,2,2.703
2016/17,58_31,82,35.9,1,1.22
2016/17,58_31,72,28.9,2,2.778
2016/17,58_31,69,24.1,1,1.449
2016/17,58_31,74,31.7,2,2.703
2016/17,58_31,62,27.5,5,8.065
2016/17,58_31,77,32.8,22,28.571
2016/17,58_31,79,33.5,15,18.987
2016/17,58_31,83,33.5,15,18.072
2016/17,58_31,82,37.8,4,4.878
2016/17,58_31,87,35.6,4,4.598
2016/17,58_31,86,38.8,2,2.326
2016/17,58_31,103,43.9,16,15.534
2016/17,58_31,103,48.1,20,19.417
2016/17,58_31,86,46.7,17,19.767
2016/17,58_31,98,49,10,10.204
2016/17,58_31,92,43.6,4,4.348
2016/17,58_36,142,47.4,2,1.408
2016/17,58_36,147,58.2,1,0.68
2016/17,58_36,175,64.2,1,0.571
2016/17,58_36,180,62.2,2,1.111
2016/17,58_36,114,53.9,2,1.754
2016/17,58_36,137,59.5,3,2.19
2016/17,58_36,147,60.3,4,2.721
2016/17,58_36,119,50.5,2,1.681
2016/17,58_36,108,22,7,6.481
2016/17,58_36,119,43.6,3,2.521
2016/17,58_36,140,48.3,1,0.714
2016/17,58_36,157,55.4,3,1.911
2016/17,58_36,143,59.9,1,0.699
2016/17,58_36,149,61.8,1,0.671
2016/17,58_36,137,64.2,2,1.46
2016/17,58_36,163,66.8,6,3.681
2016/17,58_36,151,73.5,4,2.649
2016/17,58_36,134,69,1,0.746
2016/17,58_36,102,58.1,3,2.941
2016/17,58_36,154,78,21,13.636
2016/17,58_42,128,45.7,3,2.344
2016/17,58_42,137,54.5,4,2.92
2016/17,58_42,139,58.7,8,5.755
2016/17,58_42,88,41,1,1.136
2016/17,58_42,123,46,1,0.813
2016/17,58_42,130,36.9,10,7.692
2016/17,58_42,117,39.8,11,9.402
2016/17,58_42,125,47.9,10,8
2016/17,58_42,125,54.9,8,6.4
2016/17,58_42,122,54,14,11.475
2016/17,58_42,126,43.2,10,7.937
2016/17,58_42,136,32,5,3.676
2016/17,58_42,127,43.4,2,1.575
2016/17,58_42,126,48.8,4,3.175
2016/17,58_42,106,38.9,4,3.774
2016/17,58_42,121,51.7,10,8.264
2016/17,58_42,123,54.3,12,9.756
2016/17,58_42,112,37.9,15,13.393
2016/17,58_42,112,39.4,10,8.929
2016/17,58_42,122,40.7,5,4.098
2016/17,58_42,107,35.9,3,2.804
2016/17,58_42,113,49.8,14,12.389
2016/17,58_42,120,51.6,14,11.667
2016/17,58_42,114,45.6,1,0.877
2016/17,58_42,114,45.9,3,2.632
2016/17,58_42,119,49.2,6,5.042
2016/17,58_42,118,40.8,3,2.542
2016/17,58_42,119,44,2,1.681
2016/17,58_42,124,49.3,5,4.032
2016/17,58_42,131,55.4,3,2.29
2016/17,58_42,129,55.7,4,3.101
2016/17,58_42,122,56,4,3.279
2016/17,58_42,115,45.9,4,3.478
2016/17,58_42,113,41.7,16,14.159
2016/17,58_42,107,30.7,35,32.71
2016/17,58_42,91,31.3,12,13.187
2016/17,58_42,104,28.4,1,0.962
2016/17,58_42,108,39,2,1.852
2016/17,58_42,73,15.4,2,2.74
2016/17,58_42,90,27.2,1,1.111
2016/17,58_42,119,47.2,2,1.681
2016/17,58_42,123,55.4,3,2.439
2016/17,58_42,126,55.7,5,3.968
2016/17,58_42,84,23.5,1,1.19
2016/17,58_42,120,50.3,5,4.167
2016/17,58_42,124,57.7,9,7.258
2016/17,58_42,112,51.3,3,2.679
2016/17,58_42,117,46.9,1,0.855
2016/17,58_42,96,34.2,2,2.083
2016/17,58_42,114,44.9,1,0.877
2016/17,58_42,124,46.5,1,0.806
2016/17,58_42,110,33.3,1,0.909
2016/17,58_42,99,34.8,1,1.01
2016/17,58_42,76,22.5,1,1.316
2016/17,58_42,93,23.7,11,11.828
2016/17,58_42,76,31.9,9,11.842
2016/17,58_42,80,27.6,10,12.5
2016/17,58_42,73,33.2,1,1.37
2016/17,58_42,72,24.4,1,1.389
2016/17,58_42,118,52.2,5,4.237
2016/17,58_42,122,59.6,6,4.918
2016/17,58_42,90,43.4,5,5.556
2016/17,58_42,91,55.3,3,3.297
2016/17,58_42,102,43.7,4,3.922
2016/17,58_42,76,30.7,1,1.316
2016/17,58_42,96,34.1,2,2.083
2016/17,58_42,101,45.6,2,1.98
2016/17,58_42,93,32.9,2,2.151
2016/17,58_42,79,27.5,8,10.127
2016/17,58_42,92,23.7,7,7.609
2016/17,58_42,60,24.6,3,5
2016/17,58_42,50,19.9,1,2
2016/17,58_42,81,33.2,6,7.407
2016/17,58_42,77,23.1,3,3.896
2016/17,58_42,92,33.2,3,3.261
2016/17,58_42,84,49.5,4,4.762
2016/17,58_42,87,29.4,7,8.046
2016/17,58_42,88,36.9,1,1.136
2016/17,58_42,108,47.8,4,3.704
2016/17,58_42,120,66,9,7.5
2016/17,58_42,110,53,3,2.727
2016/17,58_42,83,29.9,2,2.41
2016/17,58_42,115,54.4,2,1.739
2016/17,58_42,129,66.5,1,0.775
2016/17,58_42,133,70.3,2,1.504
2016/17,58_42,140,72.1,5,3.571
2016/17,58_42,136,75.5,5,3.676
2016/17,58_42,137,80.2,3,2.19
2016/17,58_42,135,74.5,8,5.926
2016/17,58_42,136,73.1,7,5.147
2016/17,58_42,136,67.6,11,8.088
2016/17,58_42,140,72.2,7,5
2016/17,58_42,131,63.1,6,4.58
2016/17,58_42,136,67.9,2,1.471
2016/17,58_42,101,46.8,1,0.99
2016/17,58_42,109,63.1,2,1.835
2016/17,58_42,124,76.6,3,2.419
2016/17,58_42,124,72.8,4,3.226
2016/17,58_42,133,73.5,7,5.263
2016/17,58_42,138,69,4,2.899
2016/17,58_42,125,61.6,9,7.2
2016/17,58_42,123,57.8,7,5.691
2016/17,58_42,127,70.7,10,7.874
2016/17,58_42,116,60,11,9.483
2016/17,58_42,110,50.9,15,13.636
2016/17,58_42,107,49.3,13,12.15
2016/17,58_42,116,58.3,6,5.172
2016/17,58_42,97,42.7,15,15.464
2016/17,58_42,91,33.4,20,21.978
2016/17,58_42,93,37.1,24,25.806
2016/17,58_42,86,39.1,16,18.605
2016/17,58_42,86,42.9,2,2.326
2016/17,58_42,98,51,14,14.286
2016/17,58_42,102,50.9,15,14.706
2016/17,58_42,106,49.6,24,22.642
2016/17,58_42,106,59.3,11,10.377
2016/17,58_42,108,59.3,11,10.185
2016/17,58_42,100,49.6,15,15
2016/17,58_42,83,33.7,19,22.892
2016/17,58_42,90,36.5,30,33.333
2016/17,58_42,81,39.9,18,22.222
2016/17,58_42,92,45.6,14,15.217
2016/17,58_42,96,51.1,26,27.083
2016/17,58_42,102,51.4,22,21.569
2016/17,58_42,100,55.1,19,19
2016/17,58_42,84,46.9,22,26.19
2016/17,58_42,72,45,16,22.222
2016/17,58_42,75,42.5,18,24
2016/17,58_42,83,37,24,28.916
2016/17,58_42,72,36.2,16,22.222
2016/17,58_42,72,35.3,17,23.611
2016/17,58_42,83,33.2,18,21.687
2016/17,58_42,73,43.2,20,27.397
2016/17,58_42,68,37.7,17,25
2016/17,58_42,85,41.8,21,24.706
2016/17,58_42,90,47.4,25,27.778
2016/17,58_42,86,45.9,20,23.256
2016/17,58_42,85,43.5,18,21.176
2016/17,58_42,93,45.3,14,15.054
2016/17,58_42,87,40.7,16,18.391
2016/17,58_42,91,33.9,19,20.879
2016/17,58_42,85,39.1,19,22.353
2016/17,58_42,88,47.6,13,14.773
2016/17,58_42,92,46.3,18,19.565
2016/17,58_42,92,47.9,5,5.435
2016/17,58_42,89,32.3,8,8.989
2016/17,58_42,93,33.8,25,26.882
2016/17,58_42,92,33,25,27.174
2016/17,58_42,68,24.8,21,30.882
2016/17,58_42,63,28.2,17,26.984
2016/17,58_42,78,25.1,25,32.051
2016/17,58_42,91,33.5,15,16.484
2016/17,58_42,97,37.8,19,19.588
2016/17,58_42,105,49.2,6,5.714
2016/17,58_42,97,36.7,1,1.031
2016/17,58_42,90,26,1,1.111
2016/17,58_42,97,32,12,12.371
2016/17,58_42,113,33.4,11,9.735
2016/17,58_42,108,46.4,18,16.667
2016/17,58_42,90,29.5,14,15.556
2016/17,58_42,92,27.4,11,11.957
2016/17,58_42,90,25.4,7,7.778
2016/17,58_42,94,33.5,19,20.213
2016/17,58_42,91,28.4,5,5.495
2016/17,58_42,93,28.3,3,3.226
2016/17,58_42,102,32.5,8,7.843
2016/17,58_42,99,37.8,24,24.242
2016/17,58_42,95,35.1,6,6.316
2016/17,58_43,92,38.6,2,2.174
2016/17,58_43,133,42,2,1.504
2016/17,58_43,127,49.1,4,3.15
2016/17,58_43,138,47.7,4,2.899
2016/17,58_43,137,44.1,1,0.73
2016/17,58_43,135,42,1,0.741
2016/17,58_43,129,46,2,1.55
2016/17,58_43,137,41.5,3,2.19
2016/17,58_43,109,34,4,3.67
2016/17,58_43,80,34.5,2,2.5
2016/17,58_46,90,22,5,5.556
2016/17,58_46,104,26.7,4,3.846
2016/17,58_46,95,18,12,12.632
2016/17,58_46,101,22.9,3,2.97
2016/17,58_46,80,17.8,9,11.25
2016/17,58_46,118,27.8,5,4.237
2016/17,58_46,109,45.5,4,3.67
2016/17,58_46,131,61.8,1,0.763
2016/17,58_46,127,51.2,2,1.575
2016/17,58_46,111,51.3,3,2.703
2016/17,58_46,112,62.1,5,4.464
2016/17,58_46,98,44.6,9,9.184
2016/17,58_46,128,56,25,19.531
2016/17,58_46,118,58.2,13,11.017
2016/17,58_46,123,67.9,24,19.512
2016/17,58_46,121,60.8,24,19.835
2016/17,58_46,125,61.9,19,15.2
2016/17,58_46,115,59.8,16,13.913
2016/17,58_46,116,62.7,21,18.103
2016/17,58_46,118,60.5,20,16.949
2016/17,58_46,130,65.3,22,16.923
2016/17,58_46,121,56.2,9,7.438
2016/17,58_46,120,62.6,9,7.5
2016/17,58_46,124,61,8,6.452
2016/17,58_46,125,65.5,13,10.4
2016/17,58_46,127,68,26,20.472
2016/17,58_46,116,71.8,26,22.414
2016/17,58_46,115,66.2,20,17.391
2016/17,58_46,119,65.6,35,29.412
2016/17,58_46,112,62.1,26,23.214
2016/17,58_46,117,66.4,34,29.06
2016/17,58_46,122,63.2,27,22.131
2016/17,58_46,121,65.9,21,17.355
2016/17,58_46,117,69.7,13,11.111
2016/17,58_46,119,67,23,19.328
2016/17,58_46,115,67.2,24,20.87
2016/17,58_46,98,59.7,13,13.265
2016/17,58_46,85,57.1,18,21.176
2016/17,58_46,84,52,17,20.238
2016/17,58_46,90,51.6,17,18.889
2016/17,58_46,81,46.4,7,8.642
2016/17,58_46,92,54,18,19.565
2016/17,58_46,87,51.6,23,26.437
2016/17,58_46,65,47.2,13,20
2016/17,58_46,80,44,13,16.25
2016/17,58_46,72,46.2,17,23.611
2016/17,58_46,81,47.6,14,17.284
2016/17,58_46,86,49.2,16,18.605
2016/17,58_46,84,51.5,17,20.238
2016/17,58_46,89,56.7,14,15.73
2016/17,58_46,94,55.5,11,11.702
2016/17,58_46,93,56.1,6,6.452
2016/17,58_46,103,57.6,11,10.68
2016/17,58_46,86,58.6,4,4.651
2016/17,58_46,71,47.3,3,4.225
2016/17,58_46,108,60.2,14,12.963
2016/17,58_46,95,68.8,5,5.263
2016/17,58_46,99,53.3,2,2.02
2016/17,58_46,91,48.7,15,16.484
2016/17,58_46,98,55.8,19,19.388
2016/17,58_46,99,56.2,16,16.162
2016/17,58_46,92,53.5,9,9.783
2016/17,58_46,92,61.4,11,11.957
2016/17,58_46,103,62.7,25,24.272
2016/17,58_46,92,62.3,20,21.739
2016/17,58_46,97,66.4,18,18.557
2016/17,58_46,101,63.3,22,21.782
2016/17,58_46,94,58.5,15,15.957
2016/17,58_46,99,57.7,27,27.273
2016/17,58_46,86,48.5,24,27.907
2016/17,58_46,94,50,18,19.149
2016/17,58_46,94,40.8,5,5.319
2016/17,58_46,89,42.9,8,8.989
2016/17,58_46,60,34.1,9,15
2016/17,58_46,78,35.9,3,3.846
2016/17,58_46,79,38.1,1,1.266
2016/17,58_46,79,34,2,2.532
2016/17,58_46,98,32,2,2.041
2016/17,58_46,101,45.2,2,1.98
2016/17,58_46,107,26.8,6,5.607
2016/17,58_46,97,21.5,4,4.124
2016/17,58_46,97,18.5,3,3.093
2016/17,58_46,85,24.3,1,1.176
2016/17,58_46,98,37.2,2,2.041
2016/17,58_46,99,40.5,13,13.131
2016/17,58_46,95,47,9,9.474
2016/17,58_46,115,55.5,22,19.13
2016/17,58_46,107,54.9,14,13.084
2016/17,58_46,112,60.6,10,8.929
2016/17,58_46,126,63.5,2,1.587
2016/17,58_46,120,59.5,7,5.833
2016/17,58_46,116,48.4,8,6.897
2016/17,58_46,106,37.4,18,16.981
2016/17,58_46,105,39,12,11.429
2016/17,58_46,88,34.2,7,7.955
2016/17,58_46,80,37.6,3,3.75
2016/17,58_46,78,37.6,2,2.564
2016/17,58_46,70,32.3,1,1.429
2016/17,58_46,86,47.7,1,1.163
2016/17,58_46,92,39,5,5.435
2016/17,58_46,85,38,1,1.176
2016/17,58_46,92,39.5,1,1.087
2016/17,58_46,45,23.5,5,11.111
2016/17,58_46,36,8,2,5.556
2016/17,58_46,87,45.5,6,6.897
2016/17,58_46,93,45.6,7,7.527
2016/17,58_46,94,50.8,16,17.021
2016/17,58_46,92,61.4,8,8.696
2016/17,58_46,94,57.9,2,2.128
2016/17,58_46,98,59.4,2,2.041
2016/17,58_46,102,56.7,10,9.804
2016/17,58_46,94,54.4,14,14.894
2016/17,58_46,82,49.6,1,1.22
2016/17,58_46,99,54.1,8,8.081
2016/17,58_46,97,62.7,16,16.495
2016/17,58_46,95,54.4,18,18.947
2016/17,58_46,86,55.4,5,5.814
2016/17,58_46,99,60.1,19,19.192
2016/17,58_46,95,52.5,15,15.789
2016/17,58_46,86,52,19,22.093
2016/17,58_46,85,47.8,17,20
2016/17,58_46,89,52.1,10,11.236
2016/17,58_46,92,52,13,14.13
2016/17,58_46,91,51.5,17,18.681
2016/17,58_46,96,47.3,14,14.583
2016/17,58_46,85,46.9,16,18.824
2016/17,58_46,75,44.4,15,20
2016/17,58_46,79,44.8,11,13.924
2016/17,58_46,78,40.2,9,11.538
2016/17,58_46,74,40.9,5,6.757
2016/17,58_46,76,43.3,15,19.737
2016/17,58_46,85,47.4,12,14.118
2016/17,58_46,77,41.1,6,7.792
2016/17,58_46,74,43.2,11,14.865
2016/17,58_46,79,44.1,6,7.595
2016/17,58_46,71,40.4,1,1.408
2016/17,58_46,84,38.1,11,13.095
2016/17,58_46,77,39.7,1,1.299
2016/17,58_46,69,38.3,1,1.449
2016/17,58_49,102,51.3,1,0.98
2016/17,58_49,112,58.3,7,6.25
2016/17,58_49,107,58,8,7.477
2016/17,58_49,109,51.9,10,9.174
2016/17,58_49,113,61,9,7.965
2016/17,58_49,86,54.8,8,9.302
2016/17,58_49,97,55.2,10,10.309
2016/17,58_49,105,57.5,18,17.143
2016/17,58_49,107,58,21,19.626
2016/17,58_49,105,58.6,19,18.095
2016/17,58_49,105,57.1,26,24.762
2016/17,58_49,110,59.6,29,26.364
2016/17,58_49,101,58.7,27,26.733
2016/17,58_49,92,60.4,15,16.304
2016/17,58_49,73,53.6,18,24.658
2016/17,58_49,98,53.7,23,23.469
2016/17,58_49,98,62.3,9,9.184
2016/17,58_49,94,65.9,7,7.447
2016/17,58_49,102,64.6,5,4.902
2016/17,58_49,112,73.8,13,11.607
2016/17,58_49,105,64.9,11,10.476
2016/17,58_49,93,53,5,5.376
2016/17,58_49,90,61.1,10,11.111
2016/17,58_49,62,42.6,1,1.613
2016/17,58_49,77,39.6,8,10.39
2016/17,58_49,87,62.1,7,8.046
2016/17,58_49,94,33.2,1,1.064
2016/17,58_49,104,61.9,5,4.808
2016/17,58_49,98,59.7,5,5.102
2016/17,58_49,61,38.7,5,8.197
2016/17,58_49,90,54.6,2,2.222
2016/17,58_49,101,61.3,2,1.98
2016/17,58_49,105,58.3,4,3.81
2016/17,58_49,87,57.5,3,3.448
2016/17,58_49,125,64,4,3.2
2016/17,58_49,116,69.8,13,11.207
2016/17,58_49,104,67.8,7,6.731
2016/17,58_49,99,67,8,8.081
2016/17,58_49,123,74.2,13,10.569
2016/17,58_49,136,72.7,18,13.235
2016/17,58_49,129,73.3,16,12.403
2016/17,58_49,118,71.8,12,10.169
2016/17,58_49,118,64.6,20,16.949
2016/17,58_49,114,65.3,20,17.544
2016/17,58_49,114,68.6,21,18.421
2016/17,58_49,113,70.6,17,15.044
2016/17,58_49,113,69,16,14.159
2016/17,58_49,112,76.2,12,10.714
2016/17,58_49,122,71.7,23,18.852
2016/17,58_49,116,72.3,19,16.379
2016/17,58_49,118,75.7,33,27.966
2016/17,58_49,118,74.9,32,27.119
2016/17,58_49,124,77,29,23.387
2016/17,58_49,105,71.4,17,16.19
2016/17,58_49,117,70.2,19,16.239
2016/17,58_49,114,70.5,11,9.649
2016/17,58_49,103,75.3,5,4.854
2016/17,58_49,115,75.2,12,10.435
2016/17,58_49,101,64.8,16,15.842
2016/17,58_49,119,77.1,19,15.966
2016/17,58_49,124,69.3,21,16.935
2016/17,58_49,120,67.6,23,19.167
2016/17,58_49,115,66.6,19,16.522
2016/17,58_49,130,72.3,29,22.308
2016/17,58_49,119,79.4,11,9.244
2016/17,58_49,116,73.5,9,7.759
2016/17,58_49,124,69.3,18,14.516
2016/17,58_49,99,57.2,13,13.131
2016/17,58_49,116,63.3,10,8.621
2016/17,58_49,125,67,15,12
2016/17,58_49,125,65.3,20,16
2016/17,58_49,127,72.5,17,13.386
2016/17,58_49,131,71.5,8,6.107
2016/17,58_49,128,69.2,17,13.281
2016/17,58_49,133,65.1,19,14.286
2016/17,58_49,134,71.6,13,9.701
2016/17,58_49,138,70.3,19,13.768
2016/17,58_49,126,60.6,22,17.46
2016/17,58_49,113,62.8,25,22.124
2016/17,58_49,128,63.1,23,17.969
2016/17,58_49,126,65.3,15,11.905
2016/17,58_49,116,66.6,7,6.034
2016/17,58_49,133,71.6,12,9.023
2016/17,58_49,120,68.9,23,19.167
2016/17,58_49,122,67.7,27,22.131
2016/17,58_49,119,67.9,30,25.21
2016/17,58_49,119,67.6,26,21.849
2016/17,58_49,123,70.2,29,23.577
2016/17,58_49,126,69.5,24,19.048
2016/17,58_49,138,62.2,34,24.638
2016/17,58_49,100,33.9,8,8
2016/17,58_49,109,43.4,18,16.514
2016/17,58_49,116,49.2,16,13.793
2016/17,58_49,120,53.9,25,20.833
2016/17,58_49,120,45.3,30,25
2016/17,58_49,122,48.4,14,11.475
2016/17,58_49,69,35.3,2,2.899
2016/17,58_49,107,45.3,9,8.411
2016/17,58_49,120,62.9,14,11.667
2016/17,58_49,129,64.9,35,27.132
2016/17,58_49,114,64.6,15,13.158
2016/17,58_49,102,44.8,8,7.843
2016/17,58_49,116,57.9,7,6.034
2016/17,58_49,117,62.5,16,13.675
2016/17,58_49,127,73.9,16,12.598
2016/17,58_49,135,73.1,33,24.444
2016/17,58_49,136,82.1,33,24.265
2016/17,58_49,132,78.4,20,15.152
2016/17,58_49,129,74.8,28,21.705
2016/17,58_49,93,46,9,9.677
2016/17,58_49,105,55.7,22,20.952
2016/17,58_49,110,57.5,25,22.727
2016/17,58_49,88,59.6,9,10.227
2016/17,58_49,104,67.8,12,11.538
2016/17,58_49,99,65,5,5.051
2016/17,58_49,96,48.5,4,4.167
2016/17,58_49,73,43.7,1,1.37
2016/17,58_49,99,59.4,2,2.02
2016/17,58_49,118,60.8,6,5.085
2016/17,58_49,119,59.7,2,1.681
2016/17,58_49,117,61.5,1,0.855
2016/17,58_49,115,55.2,3,2.609
2016/17,58_49,123,60.3,1,0.813
2016/17,58_49,94,45.4,1,1.064
2016/17,58_49,131,60.2,4,3.053
2016/17,58_49,137,60.8,12,8.759
2016/17,58_49,136,63.9,17,12.5
2016/17,58_49,133,71.6,18,13.534
2016/17,58_49,137,72.4,19,13.869
2016/17,58_49,136,72.8,22,16.176
2016/17,58_49,145,78.6,12,8.276
2016/17,58_49,143,82.6,18,12.587
2016/17,58_49,138,66.2,3,2.174
2016/17,58_49,134,72.2,6,4.478
2016/17,58_49,121,62.7,3,2.479
2016/17,58_49,136,67.9,8,5.882
2016/17,58_49,140,67.4,15,10.714
2016/17,58_49,135,67.2,9,6.667
2016/17,58_49,139,71.7,10,7.194
2016/17,58_49,124,61.4,2,1.613
2016/17,58_49,96,21.8,10,10.417
2016/17,58_49,99,28.3,12,12.121
2016/17,58_49,109,28.4,10,9.174
2016/17,58_49,98,27.9,9,9.184
2016/17,58_49,49,25,2,4.082
2016/17,58_49,79,29.1,6,7.595
2016/17,58_49,83,38,1,1.205
2016/17,58_49,69,26.7,4,5.797
2016/17,58_49,87,20.2,1,1.149
2016/17,58_49,76,26.8,3,3.947
2016/17,58_49,84,36.1,2,2.381
2016/17,58_49,84,36.8,4,4.762
2016/17,58_49,89,44.2,5,5.618
2016/17,58_49,93,45.7,7,7.527
2016/17,58_49,84,39.4,2,2.381
2016/17,58_49,84,29.2,3,3.571
2016/17,58_49,83,29,3,3.614
2016/17,58_49,95,40.8,6,6.316
2016/17,58_49,92,39.9,3,3.261
2016/17,58_49,100,34,6,6
2016/17,58_49,102,56.3,7,6.863
2016/17,58_49,115,55.4,4,3.478
2016/17,58_49,109,56.2,11,10.092
2016/17,58_49,113,59.1,7,6.195
2016/17,58_49,121,58.5,8,6.612
2016/17,58_49,119,66,16,13.445
2016/17,58_49,110,59,12,10.909
2016/17,58_49,98,48.8,25,25.51
2016/17,58_49,83,34.9,1,1.205
2016/17,58_49,94,29,5,5.319
2016/17,58_49,93,29.2,2,2.151
2016/17,58_49,102,38.5,6,5.882
2016/17,58_49,124,34.9,4,3.226
2016/17,58_49,87,42.2,10,11.494
2016/17,58_49,84,32.8,1,1.19
2016/17,58_49,77,23.3,5,6.494
2016/17,58_49,67,26.7,1,1.493
2016/17,58_49,70,22.3,2,2.857
2016/17,58_49,84,33.8,5,5.952
2016/17,58_49,85,39.1,20,23.529
2016/17,58_49,81,40.7,4,4.938
2016/17,58_49,78,33.4,1,1.282
2016/17,58_49,83,31.8,2,2.41
2016/17,58_49,76,41,1,1.316
2016/17,58_49,63,26.9,5,7.937
2016/17,58_49,80,42.7,7,8.75
2016/17,58_49,74,38.5,6,8.108
2016/17,58_49,67,38.3,5,7.463
2016/17,58_49,72,37.6,7,9.722
2016/17,58_49,81,33.7,5,6.173
2016/17,58_49,49,20.5,1,2.041
2016/17,58_49,53,23.9,1,1.887
2016/17,58_49,58,25.2,1,1.724
2016/17,58_49,65,36.4,4,6.154
2016/17,58_49,67,42.7,3,4.478
2016/17,58_49,60,32.8,1,1.667
2016/17,58_49,85,44,2,2.353
2016/17,58_49,83,42.1,7,8.434
2016/17,58_49,84,41.5,7,8.333
2016/17,58_49,77,29.8,6,7.792
2016/17,58_49,54,27,4,7.407
2016/17,58_49,51,25.6,7,13.725
2016/17,58_49,66,30,12,18.182
2016/17,58_49,64,23.9,13,20.313
2016/17,58_49,68,29.9,9,13.235
2016/17,58_49,85,32.1,12,14.118
2016/17,58_49,79,30.7,17,21.519
2016/17,58_60,133,62.4,1,0.752
2016/17,58_60,139,65,1,0.719
2016/17,58_60,116,57.7,2,1.724
2016/17,58_60,137,55.5,1,0.73
2016/17,58_60,133,57.1,3,2.256
2016/17,58_60,138,59.5,2,1.449
2016/17,58_60,134,63.9,3,2.239
2016/17,58_60,126,62.2,1,0.794
2016/17,58_60,108,31.2,18,16.667
2016/17,58_60,97,43.7,18,18.557
2016/17,58_60,106,46.2,23,21.698
2016/17,58_60,109,38,14,12.844
2016/17,58_60,109,43.2,12,11.009
2016/17,58_60,108,49.1,9,8.333
2016/17,58_60,93,32.6,5,5.376
2016/17,58_60,110,50,5,4.545
2016/17,58_60,109,40.8,9,8.257
2016/17,58_60,106,31.7,21,19.811
2016/17,58_60,104,37.9,19,18.269
2016/17,58_60,99,37.1,18,18.182
2016/17,58_60,93,37.2,9,9.677
2016/17,58_60,98,36.3,10,10.204
2016/17,58_60,96,42.1,8,8.333
2016/17,58_60,88,45.2,3,3.409
2016/17,58_60,109,55.8,4,3.67
2016/17,58_60,111,57.5,7,6.306
2016/17,58_60,102,46.8,6,5.882
2016/17,58_60,100,52,5,5
2016/17,58_60,93,37.6,4,4.301
2016/17,58_60,96,44.9,11,11.458
2016/17,58_60,90,40.3,8,8.889
2016/17,58_60,99,40,14,14.141
2016/17,58_60,105,47.1,13,12.381
2016/17,58_60,107,52.3,26,24.299
2016/17,58_60,107,55.5,18,16.822
2016/17,58_60,115,56.9,21,18.261
2016/17,58_60,107,58.3,26,24.299
2016/17,58_60,106,61.7,17,16.038
2016/17,58_60,112,62.7,20,17.857
2016/17,58_60,112,60.7,9,8.036
2016/17,58_60,115,60.9,6,5.217
2016/17,58_60,112,56.9,11,9.821
2016/17,58_60,105,52.8,3,2.857
2016/17,58_60,100,47.6,5,5
2016/17,58_60,112,57.9,7,6.25
2016/17,58_60,113,66.4,9,7.965
2016/17,58_60,125,70,11,8.8
2016/17,58_60,118,73.7,7,5.932
2016/17,58_60,107,64.2,6,5.607
2016/17,58_60,106,57.6,2,1.887
2016/17,58_60,105,55.8,5,4.762
2016/17,58_60,103,54.7,2,1.942
2016/17,58_60,120,56.8,11,9.167
2016/17,58_60,121,58.5,13,10.744
2016/17,58_60,114,58,3,2.632
2016/17,58_60,114,51.9,7,6.14
2016/17,58_60,117,61.7,5,4.274
2016/17,58_60,119,56.9,2,1.681
2016/17,58_60,112,57.4,1,0.893
2016/17,58_60,114,40,2,1.754
2016/17,58_60,116,37.2,5,4.31
2016/17,58_60,112,41.7,2,1.786
2016/17,58_60,116,46.6,2,1.724
2016/17,58_60,123,48.1,9,7.317
2016/17,58_60,125,50.8,8,6.4
2016/17,58_60,117,41.4,5,4.274
2016/17,58_60,107,39.5,12,11.215
2016/17,58_60,108,38.2,13,12.037
2016/17,58_60,114,39,13,11.404
2016/17,58_60,107,34.6,10,9.346
2016/17,58_60,106,37.5,6,5.66
2016/17,58_60,106,37.5,12,11.321
2016/17,58_60,107,39,12,11.215
2016/17,58_60,108,38.3,11,10.185
2016/17,58_60,108,39.1,14,12.963
2016/17,58_60,104,37.3,10,9.615
2016/17,58_60,103,35.3,8,7.767
2016/17,58_60,104,35.3,3,2.885
2016/17,58_60,107,34.4,12,11.215
2016/17,58_60,100,39.8,11,11
2016/17,58_60,106,35.5,10,9.434
2016/17,58_60,106,38.9,11,10.377
2016/17,58_60,95,36.2,8,8.421
2016/17,58_60,102,34.8,8,7.843
2016/17,58_60,108,40.7,7,6.481
2016/17,58_60,111,42.7,8,7.207
2016/17,58_60,101,41.4,10,9.901
2016/17,58_60,102,45.7,9,8.824
2016/17,58_60,103,41.5,5,4.854
2016/17,58_60,104,49.4,12,11.538
2016/17,58_60,102,43.1,8,7.843
2016/17,58_60,105,42.7,11,10.476
2016/17,58_60,103,45.5,9,8.738
2016/17,58_60,104,45.9,4,3.846
2016/17,58_60,102,41,6,5.882
2016/17,58_60,105,39.1,12,11.429
2016/17,58_60,99,36.7,9,9.091
2016/17,58_60,99,39.4,6,6.061
2016/17,58_60,95,38.2,10,10.526
2016/17,58_60,88,38.3,6,6.818
2016/17,58_60,95,39.1,4,4.211
2016/17,58_60,103,38.7,11,10.68
2016/17,58_60,96,37.7,7,7.292
2016/17,58_60,88,43.4,2,2.273
2016/17,58_60,102,40.3,7,6.863
2016/17,58_60,105,39.6,8,7.619
2016/17,58_60,103,40,4,3.883
2016/17,58_60,101,39.9,2,1.98
